School,District,City,State,Management Structure,Year Opened
ACE Alum Rock,Alum Rock Union Elementary,San Jose,CA,CMO,2014
ACE Franklin McKinley,Franklin-McKinley Elementary,San Jose,CA,CMO,2014
ASCEND,Oakland Unified School District,Oakland,CA,CMO,2012
Abernathy Collegiate Charter,Tehachapi Unified,Tehachapi,CA,Independent,2013
Abraxis Charter,Santa Rosa High School District,Santa Rosa,CA,Independent,2005
Acacia Elementary Charter,New Jerusalem Elementary,Stockton,CA,CMO,2013
Acacia Middle Charter,New Jerusalem Elementary,Stockton,CA,CMO,2013
Academia Avance Charter,Los Angeles County Office Of Education,Los Angeles,CA,Independent,2005
Academia Moderna,Los Angeles Unified School District,Walnut Park,CA,CMO,2009
Academia Semillas Del Pueblo,Los Angeles Unified School District,Los Angeles,CA,CMO,2002
Academic/Vocational Charter Institute,Pajaro Valley Unified School District,Watsonville,CA,Independent,1999
Academies of Antelope Valley,Antelope Valley Union High School District,Quartz Hill,CA,Independent,2012
Academy for Academic Excellence,Apple Valley Unified School District,Apple Valley,CA,CMO,1997
Academy for Civic & Entrepreneurial Leadership (ACEL Fresno),Fresno Unified School District,Fresno,CA,Independent,2009
Academy of Alameda,Alameda Unified School District,Alameda,CA,Independent,2010
Academy of Arts and Sciences: Del Mar Elementary (K-5),Mountain Empire Unified,San Diego,CA,CMO,2012
Academy of Arts and Sciences: Del Mar Middle and High (6-12),Mountain Empire Unified,San Diego,CA,CMO,2012
Academy of Arts and Sciences: El Cajon Elementary (K-5),Mountain Empire Unified,San Diego,CA,EMO,2012
Academy of Arts and Sciences: El Cajon Middle and High (6-12),Mountain Empire Unified,San Diego,CA,EMO,2012
Academy of Arts and Sciences: Fresno,Orange Center,Clovis,CA,EMO,2014
Academy of Arts and Sciences: Los Angeles (9-12),Acton-Agua Dulce Unified,Los Angeles,CA,EMO,2014
Academy of Arts and Sciences: Los Angeles (K-8),Acton-Agua Dulce Unified,Los Angeles,CA,EMO,2014
Academy of Arts and Sciences: Oxnard and Ventura,Mupu Elementary,Thousand Oaks,CA,EMO,2012
Academy of Arts and Sciences: San Joaquin,New Jerusalem Elementary,Stockton,CA,CMO,2014
Academy of Arts and Sciences: Sonoma,Cotati-Rohnert Park Unified,Rohnert Park,CA,EMO,2012
Academy of Arts and Sciences: Thousand Oaks and Simi Valley,Mupu Elementary,Thousand Oaks,CA,EMO,2012
Academy of Careers and Exploration,Helendale School District,Helendale,CA,Independent,2008
Academy of Culture and Technology,,,CA,Independent,2005
Academy of Science and Engineering,Los Angeles Unified School District,Los Angeles,CA,Independent,2012
Accelerated Achievement Academy,Ukiah Unified School District,Ukiah,CA,CMO,2002
Accelerated Charter High School (Wallis Annenberg High),Los Angeles Unified School District,Los Angeles,CA,CMO,2003
Accelerated Elementary Charter,Los Angeles Unified School District,Los Angeles,CA,CMO,2004
Accelerated School,Los Angeles Unified School District,Los Angeles,CA,CMO,1994
Ace Charter High,East Side Union High School District,San Jose,CA,CMO,2012
Ace Charter School,Santa Clara County Office Of Education,San Jose,CA,CMO,2008
Achieve Academy,Oakland Unified School District,Oakland,CA,CMO,2006
Achieve Charter School of Paradise Inc.,Paradise Unified School District,Paradise,CA,Independent,2005
Adelante Charter,Santa Barbara Unified,Santa Barbara,CA,Independent,2000
Alain Leroy Locke 3 College Preparatory Academy,Los Angeles Unified School District,Los Angeles,CA,CMO,2008
Alameda Community Learning Center,Alameda Unified School District,Alameda,CA,CMO,2001
Alan Rowe College Prep,Elk Grove Unified School District,Elk Grove,CA,Independent,2013
Albert Einstein Academy Charter School,San Diego Unified School District,San Diego,CA,CMO,2002
Albert Einstein Academy Elementary,Acton-Agua Dulce Unified,Santa Clarita,CA,CMO,2013
Albert Einstein Academy Middle,San Diego Unified School District,San Diego,CA,CMO,2006
"Albert Einstein Academy for Letters, Arts & Sciences - Aqua Dulce Partnership Academy",Acton-Agua Dulce Unified,Agua Dulce,CA,CMO,2014
"Albert Einstein Academy for Letters, Arts & Sciences Elementary School (Santa Clarita)",,Santa Clarita,CA,CMO,2014
Alfred B. Nobel Charter Middle,Los Angeles Unified School District,Northridge,CA,Independent,2012
Alianza Charter,Pajaro Valley Unified School District,Watsonville,CA,Independent,1999
All Tribes Charter,Warner Unified School District,Valley Center,CA,CMO,2008
All Tribes Elementary Charter,Warner Unified School District,Valley Center,CA,CMO,2010
Alliance Alice M. Baxter College-Ready High,Los Angeles Unified,San Pedro,CA,CMO,2014
Alliance Christine O'Donovan Middle Academy,Los Angeles Unified School District,Los Angeles,CA,CMO,2008
Alliance College-Ready Academy High No. 11,Los Angeles Unified School District,Los Angeles,CA,CMO,2010
Alliance College-Ready Academy High No. 14,Los Angeles Unified School District,Los Angeles,CA,CMO,2012
Alliance College-Ready Academy High No. 16,Los Angeles Unified School District,Los Angeles,CA,CMO,2011
Alliance College-Ready Academy High No. 17,Los Angeles Unified School District,Los Angeles,CA,CMO,2012
Alliance College-Ready Academy High No. 5,Los Angeles Unified School District,Los Angeles,CA,CMO,2007
Alliance College-Ready Middle Academy 8,Los Angeles Unified,Los Angeles,CA,CMO,2014
Alliance College-Ready Middle Academy 9,Los Angeles Unified,Los Angeles,CA,CMO,2014
Alliance College-Ready Middle Academy No. 12,Los Angeles Unified,Los Angeles,CA,CMO,2013
Alliance College-Ready Middle Academy No. 4,Los Angeles Unified School District,Los Angeles,CA,CMO,2009
Alliance College-Ready Middle Academy No. 5,Los Angeles Unified School District,Los Angeles,CA,CMO,2009
Alliance Dr. Olga Mohan High,Los Angeles Unified School District,Los Angeles,CA,CMO,2006
Alliance Environmental Science and Technology High,Los Angeles Unified School District,Los Angeles,CA,CMO,2009
Alliance Gertz-Ressler High,Los Angeles Unified School District,Los Angeles,CA,CMO,2004
Alliance Health Services Academy High,Los Angeles Unified School District,Los Angeles,CA,CMO,2009
Alliance Heritage College-Ready Academy High,Los Angeles Unified School District,Los Angeles,CA,CMO,2005
Alliance Huntington Park College-Ready Academy High,Los Angeles Unified School District,Huntington Park,CA,CMO,2005
Alliance Jack H. Skirball Middle,Los Angeles Unified School District,Los Angeles,CA,CMO,2007
Alliance Marc & Eva Stern Math and Science,Los Angeles Unified School District,,CA,CMO,2006
Alliance Margaret M. Bloomfield Technology Academy High,Los Angeles Unified,South Gate,CA,CMO,2014
Alliance Media Arts and Entertainment Design High,Los Angeles Unified School District,Los Angeles,CA,CMO,2009
Alliance Richard Merkin Middle,Los Angeles Unified School District,Los Angeles,CA,CMO,2005
Alliance Technology and Math Science High,Los Angeles Unified School District,Los Angeles,CA,CMO,2011
Alliance William and Carol Ouchi Academy High,Los Angeles Unified School District,Los Angeles,CA,CMO,2006
Almond Acres Charter Academy,San Miguel Joint Union,San Miguel,CA,Independent,2012
Alpha Charter,Elverta Joint Elementary,Elverta,CA,Independent,2013
Alpha: Blanca Alvarado Middle,Alum Rock Union Elementary School District,San Jose,CA,Independent,2012
Alpha: Jose Hernandez Middle,Santa Clara County Office of Education,San Jose,CA,Independent,2014
Alta Vista Community Charter,Auburn Union Elementary,Auburn,CA,Independent,2012
Alta Vista Public,Adelanto Elementary,,CA,EMO,2009
Alta Vista South Public Charter,Helendale Elementary,San Bernardino,CA,EMO,2014
Alternative Cooperative Education Charter,Vacaville Unified School District,Vacaville,CA,Independent,2010
Alvina Elementary Charter,Alvina Elementary,Caruthers,CA,Independent,2000
Ambassador Phillip V. Sanchez Public Charter,Raisin City Elementary,,CA,EMO,2011
America's Choice High School,Sacramento City Unified School District,Sacramento,CA,Independent,2003
America's Finest Charter,San Diego Unified School District,San Diego,CA,Independent,2011
American Indian Public Charter,Oakland Unified School District,Oakland,CA,CMO,1996
American Indian Public High,Oakland Unified School District,Oakland,CA,CMO,2006
American River Charter,Black Oak Mine Unified,Garden Valley,CA,Independent,2010
Anahuacalmecac International University Prep,Los Angeles Unified School District,Los Angeles,CA,CMO,2008
Anahuacalmecac International University Preparatory High School of North America,SBE - Anahuacalmecac International Preparatory High School of North America,Los Angeles,CA,CMO,2014
Animo Charter Middle No. 2,Los Angeles Unified,Los Angeles,CA,CMO,2013
Animo Charter Middle No. 3,Los Angeles Unified School District,Los Angeles,CA,CMO,2011
Animo Charter Middle No. 4,Los Angeles Unified School District,Los Angeles,CA,CMO,2011
Animo College Preparatory Academy,Los Angeles Unified School District,Los Angeles,CA,CMO,2011
Animo Ellen Ochoa Charter Middle,Los Angeles Unified,Los Angeles,CA,CMO,2014
Animo Inglewood Charter High,Inglewood Unified School District,Inglewood,CA,CMO,2002
Animo Jefferson Charter Middle,Los Angeles Unified School District,,CA,CMO,2010
Animo Leadership High,Lennox School District,Inglewood,CA,CMO,2000
Animo Locke 1 College Preparatory Academy,Los Angeles Unified School District,Los Angeles,CA,CMO,2008
Animo Locke ACE Academy,Los Angeles Unified School District,Los Angeles,CA,CMO,2009
Animo Locke Technology Charter High,Los Angeles Unified School District,Los Angeles,CA,CMO,2006
Animo Mae Jemison Charter Middle,Los Angeles Unified,Los Angeles,CA,CMO,2014
Animo Oscar De La Hoya Charter High,Los Angeles Unified School District,Los Angeles,CA,CMO,2003
Animo Pat Brown,Los Angeles Unified School District,Los Angeles,CA,CMO,2006
Animo South Los Angeles Charter,Los Angeles Unified School District,Los Angeles,CA,CMO,2004
Animo Venice Charter High,Los Angeles Unified School District,Venice,CA,CMO,2004
Animo Watts #2 Charter High,Los Angeles Unified School District,Los Angeles,CA,CMO,2007
Animo Westside Charter Middle,Los Angeles Unified School District,Venice,CA,CMO,2011
Antioch Charter Academy,Antioch Unified School District,Antioch,CA,CMO,1998
Antioch Charter Academy II,Antioch Unified School District,Antioch,CA,CMO,2007
Antonio Maria Lugo Academy,Los Angeles Unified School District,Huntington Park,CA,CMO,2005
Apex Academy,Los Angeles Unified School District,Hollywood,CA,Independent,2012
Apple Academy Charter Public,Los Angeles Unified School District,Los Angeles,CA,Independent,2012
Aptitud Community Academy at Goss,Alum Rock Union Elementary,San Jose,CA,Independent,2013
Ararat Charter,Los Angeles Unified School District,Van Nuys,CA,Independent,2010
Arise High,Oakland Unified School District,,CA,Independent,2007
Arroyo Paseo Charter High,San Diego Unified School District,San Diego,CA,Independent,2007
Arroyo Vista Charter,Chula Vista Elementary School District,Chula Vista,CA,Independent,2002
Arts in Action Community Charter,Los Angeles Unified School District,,CA,Independent,2011
Arundel Elementary,San Carlos School District,San Carlos,CA,Independent,2000
Asa Charter,San Bernardino City Unified School District,San Bernardino,CA,Independent,2004
Aspire APEX Academy,Stockton Unified School District,Stockton,CA,CMO,2010
Aspire Alexander Twilight College Preparatory Acad,San Juan Unified School District,Sacramento,CA,CMO,2009
Aspire Alexander Twilight Secondary Academy,San Juan Unified School District,Sacramento,CA,CMO,2010
Aspire Benjamin Holt College Preparatory Academy,Lodi Unified School District,Stockton,CA,CMO,2003
Aspire Berkley Maynard Academy,Oakland Unified School District,Oakland,CA,CMO,2005
Aspire California College Preparatory Academy,Alameda County Office Of Education,Berkeley,CA,CMO,2008
Aspire Capitol Heights Academy,Sacramento City Unified School District,Sacramento,CA,CMO,2003
Aspire Centennial College Preparatory Academy,Los Angeles Unified,Huntington Park,CA,CMO,2013
Aspire Clarendon Elementary,Los Angeles Unified School District,Huntington Park,CA,CMO,2007
Aspire College Academy,Oakland Unified,Oakland,CA,CMO,2013
Aspire ERES Academy,Oakland Unified School District,Oakland,CA,CMO,2009
Aspire East Palo Alto Charter,Ravenswood City School District,East Palo Alto,CA,CMO,1997
Aspire East Palo Alto Phoenix Academy,Sequoia Union High School District,East Palo Alto,CA,CMO,2008
Aspire Firestone Academy,Los Angeles Unified School District,South Gate,CA,CMO,2010
Aspire Gateway Academy,Los Angeles Unified School District,South Gate,CA,CMO,2010
Aspire Golden State College Preparatory Academy,Oakland Unified School District,Oakland,CA,CMO,2008
Aspire Huntington Park Charter,Los Angeles Unified School District,Huntington Park,CA,CMO,2008
Aspire Inskeep Academy Charter,Los Angeles Unified School District,Los Angeles,CA,CMO,2011
Aspire Juanita Tate Academy Charter,Los Angeles Unified School District,Los Angeles,CA,CMO,2011
Aspire Langston Hughes Academy,Stockton Unified School District,Stockton,CA,CMO,2008
Aspire Lionel Wilson College Preparatory Academy,Oakland Unified School District,Oakland,CA,CMO,2002
Aspire Millsmont Academy,Oakland Unified School District,Oakland,CA,CMO,2005
Aspire Monarch Academy,Oakland Unified School District,Oakland,CA,CMO,2000
Aspire Pacific Academy,Los Angeles Unified School District,Huntington Park,CA,CMO,2010
Aspire Port City Academy,Stockton Unified School District,Stockton,CA,CMO,2007
Aspire Public Schools - River Oaks Charter School,Lodi Unified School District,Stockton,CA,CMO,2001
Aspire Rosa Parks Academy,Stockton Unified School District,Stockton,CA,CMO,2005
Aspire Slauson Academy Charter,Los Angeles Unified School District,Los Angeles,CA,CMO,2011
Aspire Summit Charter Academy,Ceres Unified School District,Modesto,CA,CMO,2006
Aspire Titan Academy,Los Angeles Unified School District,Huntington Park,CA,CMO,2009
Aspire Triumph Technology Academy,Oakland Unified,Oakland,CA,CMO,2014
Aspire University Charter,Sylvan Union School District,Modesto,CA,CMO,2008
Aspire Vanguard College Preparatory Academy,Modesto City High School District,Empire,CA,CMO,2009
Aspire Vincent Shalvey Academy,Lodi Unified School District,Stockton,CA,CMO,1999
Assurance Learning Academy,Acton-Agua Dulce Unified,Los Angeles,CA,EMO,2012
Aveson Global Leadership Academy,Pasadena Unified School District,Altadena,CA,CMO,2007
Aveson School of Leaders,Pasadena Unified School District,Altadena,CA,CMO,2007
BRIDGES Charter School,Ventura County Office Of Education,Camarillo,CA,Independent,2010
Ballington Academy for the Arts and Sciences,El Centro Elementary,El Centro,CA,Independent,2009
Barack Obama Charter,Compton Unified School District,Los Angeles,CA,CMO,2009
Barona Indian Charter,Lakeside Union School District,Lakeside,CA,Independent,2002
Bay Area School of Enterprise,Alameda Unified School District,Alameda,CA,Independent,2001
Bay Area Technology,Oakland Unified School District,Oakland,CA,CMO,2004
Bay View Academy,Monterey County Office Of Education,Monterey,CA,Independent,2011
Bayshore Prep Charter,San Marcos Unified School District,San Marcos,CA,Independent,2005
Beacon Classical Academy Elementary Charter,Julian Union Elementary,National City,CA,Independent,2014
Beckford Charter for Enriched Studies,Los Angeles Unified School District,Northridge,CA,Independent,2011
Bella Mente Montessori Academy,Vista Unified,Vista,CA,Independent,2013
Bellevue-Santa Fe Charter,San Luis Coastal Unified School District,San Luis Obispo,CA,Independent,1995
Bert Corona Charter,Los Angeles Unified School District,Pacoima,CA,CMO,2004
Big Picture High School - Fresno,Fresno County Office Of Education,Fresno,CA,CMO,2009
Binkley Elementary Charter,Rincon Valley Union School District,Santa Rosa,CA,Independent,2010
Birmingham Community Charter High,Los Angeles Unified School District,Van Nuys,CA,Independent,2009
Bitney College Preparatory High,Nevada County Office Of Education,Grass Valley,CA,Independent,1999
Blackford Elementary,Campbell Union School District,San Jose,CA,Independent,2008
Blue Oak Charter,Chico Unified School District,Chico,CA,Independent,2001
Blue Oak Charter Montessori Elementary School,Buckeye Union School District,Cameron Park,CA,Independent,2004
Bowling Green Elementary,Sacramento City Unified School District,Sacramento,CA,Independent,1993
Bowman Charter,Ackerman Elementary School District,Auburn,CA,Independent,2007
Bridges Academy,Franklin-Mckinley School District,San Jose,CA,Independent,2010
Bright Star Secondary Charter,Los Angeles Unified School District,Los Angeles,CA,CMO,2006
Brittan Acres Elementary,San Carlos School District,San Carlos,CA,Independent,1999
Bullis Charter,Santa Clara County Office Of Education,Los Altos,CA,Independent,2004
Burton Pathways Charter Academy,Burton School District,Porterville,CA,Independent,2010
Butterfield Charter High,Porterville Unified School District,Porterville,CA,Independent,2007
CA Academy for Liberal Studies Early College High,Los Angeles Unified School District,Los Angeles,CA,CMO,2005
CEIBA College Preparatory Academy,Pajaro Valley Unified School District,Watsonville,CA,Independent,2008
CHAMPS - Charter High School of Arts,Los Angeles Unified School District,Van Nuys,CA,Independent,2005
CLAS Affirmation,Los Angeles Unified School District,Los Angeles,CA,Independent,2003
Cal Stem San Joaquin,New Jerusalem Elementary,Stockton,CA,CMO,2014
Calabash Charter Academy,Los Angeles Unified School District,Woodland Hills,CA,Independent,2011
Calahan Community Charter,Los Angeles Unified,Northridge,CA,Independent,2013
Cali Calmecac Charter,Windsor Unified School District,Windsor,CA,Independent,1998
Caliber: Beta Academy,Contra Costa County Office of Education,Richmond,CA,Independent,2014
California Academy for Liberal Studies,Los Angeles Unified School District,Los Angeles,CA,CMO,2000
California Connections Academy @ North Bay,Middletown Unified,Middletown,CA,EMO,2014
California Connections Academy @ Ripon,Ripon Unified,,CA,EMO,2012
California Heritage Youthbuild Academy,Mono County Office Of Education,Mammoth Lakes,CA,Independent,2012
California Military Institute,Perris Union High School District,Perris,CA,Independent,2003
California Montessori Project - Capitol Campus,Sacramento City Unified School District,Sacramento,CA,CMO,2006
California Montessori Project - Elk Grove Campus,Elk Grove Unified School District,Elk Grove,CA,CMO,2006
California Montessori Project - San Juan Campus (Carmichael & American River),San Juan Unified School District,Carmichael,CA,CMO,2006
California Montessori Project - Shingle Springs Campus,Buckeye Union School District,Shingle Springs,CA,CMO,2006
California Pacific Charter School of Central California,Corcoran Joint Unified,Newport Beach,CA,Independent,2009
California Pacific Charter School of Kern,Semitropic Elementary,,CA,Independent,2011
California Pacific Charter School of San Diego,Mountain Empire Unified,Newport Beach,CA,Independent,2009
California Virtual Academy @ Fresno,Orange Center,,CA,EMO,2012
California Virtual Academy @ Jamestown,Jamestown Elementary School District,,CA,EMO,2002
California Virtual Academy @ Kings,Armona Union Elementary School District,,CA,EMO,2006
California Virtual Academy @ Los Angeles,West Covina Unified School District,,CA,EMO,2006
California Virtual Academy @ Los Angeles High,West Covina Unified School District,,CA,CMO,2011
California Virtual Academy @ Maricopa,Maricopa Unified School District,,CA,EMO,2012
California Virtual Academy @ San Diego,Spencer Valley Elementary School District,,CA,EMO,2002
California Virtual Academy @ San Joaquin,New Jerusalem Elementary School District,,CA,EMO,2012
California Virtual Academy @ San Mateo,Jefferson Elementary School District,,CA,EMO,2006
California Virtual Academy @ Santa Ysabel,Spencer Valley Elementary School District,,CA,CMO,2011
California Virtual Academy @ Sonoma,Liberty School District,,CA,EMO,2004
California Virtual Academy @ Sutter,Nuestro Elementary School District,,CA,EMO,2006
California Virtual Academy High School @ Maricopa,Maricopa Unified School District,,CA,CMO,2012
Calvert Charter For Enriched Studies,Los Angeles Unified,Woodland Hills,CA,Independent,2013
Camarillo Academy of Progressive Education,Oxnard Union High School District,Camarillo,CA,Independent,2007
Camino Nuevo Academy #2,Los Angeles Unified School District,Los Angeles,CA,CMO,2010
Camino Nuevo Charter Academy,Los Angeles Unified School District,Los Angeles,CA,CMO,2000
Camino Nuevo Charter Academy #4,Los Angeles Unified School District,Los Angeles,CA,CMO,2011
Camino Nuevo Charter High,Los Angeles Unified School District,Los Angeles,CA,CMO,2004
Camino Nuevo Elementary 3,Los Angeles Unified School District,Los Angeles,CA,CMO,2010
Camino Nuevo High No. 2,Los Angeles Unified,Los Angeles,CA,CMO,2013
Camino Science and Natural Resources Charter,Camino Union Elementary,Camino,CA,Independent,2011
Camptonville Academy,Camptonville School District,Marysville,CA,CMO,1999
Canyon Elementary,Los Angeles Unified School District,Santa Monica,CA,CMO,1993
Capistrano Connections Academy,Capistrano Unified School District,,CA,EMO,2004
Capitol Collegiate Academy,Sacramento City Unified School District,Sacramento,CA,Independent,2011
Capri Elementary,Campbell Union School District,Campbell,CA,Independent,2006
Career Academy at Piner-Olivet,Piner-Olivet Union School District,Santa Rosa,CA,Independent,2004
Carpenter Community Charter,Los Angeles Unified School District,Studio City,CA,Independent,2010
Carter G. Woodson Public Charter,Fresno Unified School District,Fresno,CA,CMO,2001
Castlebay Lane Charter,Los Angeles Unified School District,Northridge,CA,Independent,2012
Castlemont Elementary,Campbell Union School District,Campbell,CA,Independent,2006
Cecil Avenue Math and Science Academy,Delano Union Elementary,Delano,CA,Independent,2010
Celerity Cardinal Charter,Los Angeles Unified School District,Sun Valley,CA,CMO,2011
Celerity Dyad Charter,Los Angeles Unified School District,Los Angeles,CA,CMO,2007
Celerity Exa Charter,Pasadena Unified School District,Pasadena,CA,Independent,2012
Celerity Nascent Charter,Los Angeles Unified School District,Los Angeles,CA,CMO,2005
Celerity Octavia Charter,Los Angeles Unified School District,Los Angeles,CA,CMO,2010
Celerity Palmati Charter,Los Angeles Unified School District,North Hollywood,CA,CMO,2011
Celerity Sirius Charter,Los Angeles County Office Of Education,Los Angeles,CA,CMO,2011
Celerity Troika Charter,Los Angeles Unified School District,Los Angeles,CA,CMO,2007
Center For Learning and Educational Success,San Bernardino City Unified,San Bernardino,CA,Independent,2013
Center for Advanced Learning,Los Angeles Unified School District,Los Angeles,CA,Independent,2007
Central California Connections,Alpaugh Unified School District,,CA,EMO,2006
Central City Value,Los Angeles Unified School District,Los Angeles,CA,CMO,2003
Central Coast Classical Academy,Blochman Union Elementary School District,Santa Maria,CA,Independent,2011
Century Academy for Excellence,Lennox School District,Inglewood,CA,Independent,2006
Century Community Charter,Lennox School District,Inglewood,CA,Independent,2004
Cesar Chavez Language Academy,Santa Rosa Elementary,Santa Rosa,CA,Independent,2013
Chandler Learning Academy,Los Angeles Unified,Sherman Oaks,CA,Independent,2013
Charter Alternative Program (CAP),El Dorado County Office Of Education,El Dorado,CA,Independent,2010
Charter Alternatives Academy,Visalia Unified School District,Visalia,CA,Independent,1999
Charter Community School & Extended Day Program,El Dorado County Office Of Education,Placerville,CA,Independent,1993
Charter School of Morgan Hill,Morgan Hill Unified School District,Morgan Hill,CA,Independent,2001
Charter Transitional Reporting Educational Center,El Dorado County Office Of Education,Placerville,CA,Independent,2002
Chatsworth Charter High,Los Angeles Unified,Chatsworth,CA,Independent,2013
Chicago Park Community Charter,Chicago Park Elementary,Grass Valley,CA,Independent,2011
Chico Country Day,Chico Unified School District,Chico,CA,Independent,1999
Children of Promise Preparatory Academy,Inglewood Unified School District,Inglewood,CA,Independent,2010
Children's Community Charter,Paradise Unified School District,Paradise,CA,Independent,1995
Chime Charter School,Los Angeles Unified School District,Woodland Hills,CA,Independent,2001
Chrysalis Charter,Shasta County Office Of Education,Palo Cedro,CA,Independent,2006
Chula Vista Learning Community,Chula Vista Elementary School District,Chula Vista,CA,Independent,1998
Cielo Vista Charter,Palm Springs Unified,Palm Springs,CA,Independent,2010
Cinnabar Charter,Cinnabar Elementary,Petaluma,CA,Independent,2011
Citizens of The World 2,Los Angeles Unified School District,,CA,CMO,2012
Citizens of The World Charter,Los Angeles Unified School District,Los Angeles,CA,CMO,2010
Citizens of the World 3,Los Angeles Unified,,CA,CMO,2013
City Arts and Tech High,San Francisco Unified School District,San Francisco,CA,CMO,2004
City Charter Elementary,Los Angeles Unified,Los Angeles,CA,CMO,2013
City Charter Middle,Los Angeles Unified School District,Los Angeles,CA,CMO,2012
City Heights Preparatory Charter,San Diego Unified School District,San Diego,CA,Independent,2012
CiviCorps Academy,Oakland Unified School District,Oakland,CA,Independent,2007
CiviCorps Elementary School,Oakland Unified School District,Oakland,CA,CMO,2001
Clayton Valley Charter High,Contra Costa County Office Of Education,Concord,CA,Independent,2012
Clemente Charter,Los Angeles Unified,Maywood,CA,CMO,2014
Coastal Grove Charter,Arcata School District,Arcata,CA,Independent,2002
Coleman Tech Charter High,San Diego Unified School District,San Diego,CA,Independent,2010
Colfax Charter Elementary,Los Angeles Unified School District,North Hollywood,CA,Independent,2008
College Bridge Academy,Inyo County Office of Education,Los Angeles,CA,CMO,2013
College Prep High,Hemet Unified,Hemet,CA,Independent,2013
College Preparatory Middle,Mountain Empire Unified,San Diego,CA,Independent,2010
College Ready Middle Academy #7,Los Angeles Unified School District,Los Angeles,CA,CMO,2010
Come Back Kids,Riverside County Office of Education,Riverside,CA,Independent,2013
Community Charter Early College High,Los Angeles Unified School District,Lake View View,CA,CMO,2005
Community Charter Middle,Los Angeles Unified School District,Lake View View,CA,CMO,1999
Community Magnet Charter Elementary,Los Angeles Unified School District,Los Angeles,CA,Independent,2005
Community Montessori Charter,Dehesa School District,,CA,CMO,2012
Community Outreach Academy,Twin Rivers Unified School District,McClellan,CA,CMO,2003
Community Preparatory Academy,Los Angeles Unified,Los Angeles,CA,Independent,2014
Community Roots Academy,Capistrano Unified School District,,CA,Independent,2011
Community School for Creative Education,Alameda County Office Of Education,Oakland,CA,Independent,2011
Competitive Edge Charter Academy (CECA),Yucaipa-Calimesa Joint Unified School District,Yucaipa,CA,Independent,2011
Connect Community Charter,Redwood City Elementary,Redwood City,CA,Independent,2013
Connections Visual and Performing Arts Academy,Summerville Union High School District,Tuolumne,CA,Independent,2002
Conservation Corps of Long Beach Gateway Cities Charter,,Long Beach,CA,Independent,2014
Conservatory of Vocal/Instrumental Arts,Oakland Unified School District,Oakland,CA,Independent,2007
Cornerstone Academy Preparatory,Franklin-Mckinley School District,San Jose,CA,CMO,2010
Coronado Pathways Charter,Coronado Unified,Coronado,CA,Independent,2013
Cottonwood Creek Charter,Cottonwood Union Elementary,Cottonwood,CA,Independent,2010
County Collaborative Charter,Mountain Empire Unified,San Diego,CA,Independent,2014
Cox Academy,Alameda County Office Of Education,Oakland,CA,CMO,2004
Creative Arts Charter,San Francisco Unified School District,San Francisco,CA,Independent,1994
Creative Connections Arts Academy,Rio Linda Union Elementary School District,North Highlands,CA,Independent,2005
Credo High,Cotati-Rohnert Park Unified,Rohnert Park,CA,Independent,2011
Crenshaw Arts/Tech Charter High,Los Angeles Unified School District,Los Angeles,CA,Independent,2003
Crescent Valley Public Charter,Stone Corral Elementary,,CA,EMO,2010
Crescent View South Charter,Westside Elementary,,CA,EMO,2009
Crescent View West Charter,Mendota Unified School District,,CA,EMO,2005
Crosswalk Charter School,Hesperia Unified School District,Hesperia,CA,Independent,2002
Crown Preparatory Academy,Los Angeles Unified School District,Los Angeles,CA,Independent,2010
Cypress Charter High,Live Oak School District,Santa Cruz,CA,Independent,2003
Da Vinci Charter Academy,Davis Joint Unified,Davis,CA,CMO,2009
Da Vinci Communications High,Wiseburn Unified,Hawthorne,CA,CMO,2014
Da Vinci Design,Wiseburn Elementary,Hawthorne,CA,CMO,2009
Da Vinci Innovation Academy,Wiseburn Elementary,Hawthorne,CA,CMO,2013
Da Vinci Science,Wiseburn Elementary,Hawthorne,CA,CMO,2009
Darby Avenue Charter,Los Angeles Unified,Northridge,CA,Independent,2013
Darnall Charter,San Diego Unified School District,San Diego,CA,Independent,1993
Dearborn Elementary Charter Academy,Los Angeles Unified School District,Northridge,CA,Independent,2012
Dehesa Charter,Dehesa School District,,CA,CMO,2002
Del Vista Math and Science Academy,Delano Union Elementary,Delano,CA,Independent,2011
Delta Charter,Santa Cruz City High School District,Aptos,CA,Independent,1995
Delta Charter Online,New Jerusalem Elementary,Tracy,CA,Independent,2014
Delta Elementary Charter,River Delta Unified School District,Clarksburg,CA,Independent,2007
Denair Academic Avenues,Denair Unified School District,Denair,CA,Independent,2010
Desert Trails Preparatory Academy,Adelanto Elementary,Adelanto,CA,Independent,2013
Design Tech High,San Mateo Union High,Millbrae,CA,Independent,2014
Diego Hills Charter,Dehesa School District,San Diego,CA,EMO,2009
Diego Springs Academy,Borrego Springs Unified,Chula Vista,CA,EMO,2014
Diego Valley Public,Julian Union School District,El Cajon,CA,EMO,2011
Discovery Charter,Tracy Unified School District,Tracy,CA,CMO,2001
Discovery Charter II,Santa Clara County Office of Education,San Jose,CA,CMO,2013
Discovery Charter Preparatory #2,Los Angeles Unified School District,Pacoima,CA,Independent,2007
Dixie Canyon Community Charter,Los Angeles Unified School District,Sherman Oaks,CA,Independent,2012
Dixon Montessori Charter,Dixon Unified School District,Dixon,CA,Independent,2005
Doris Topsy-Elvord Academy,Paramount Unified,Long Beach,CA,Independent,2008
Downtown Charter Academy,Oakland Unified,Oakland,CA,CMO,2014
Downtown College Prep - Alum Rock,Santa Clara County Office Of Education,San Jose,CA,CMO,2011
Downtown College Preparatory,San Jose Unified School District,San Jose,CA,CMO,2000
Downtown College Preparatory Middle,San Jose Unified,San Jose,CA,CMO,2014
Downtown Value,Los Angeles Unified School District,Los Angeles,CA,CMO,2002
Dr. Lewis Dolphin Stallworth Sr.,Stockton Unified School District,Stockton,CA,Independent,2008
Dr. Theo T. Alexander Science Center School,Los Angeles Unified School District,Los Angeles,CA,Independent,2004
Dual Language Academy of the Monterey Peninsula,Monterey Peninsula Unified,Seaside,CA,Independent,2014
Dunham Charter,Dunham Elementary,Petaluma,CA,Independent,2010
E3 Civic High,San Diego Unified,San Diego,CA,Independent,2013
EJE Middle Academy,Cajon Valley Union School District,El Cajon,CA,CMO,2009
EPIC de Cesar Chavez,Nevada County Office of Education,Tehachapi,CA,Independent,2014
EV Cain 21st Century S.T.E.M. Charter School,Auburn Union Elementary,Auburn,CA,Independent,2010
Eagle Peak Montessori,Mount Diablo Unified School District,Walnut Creek,CA,Independent,2001
Early College Academy for Leaders and Scholars (ECALS),Los Angeles Unified School District,Los Angeles,CA,CMO,2011
East Bay Innovation Academy,Oakland Unified,Oakland,CA,Independent,2014
East Oakland Leadership Academy,Oakland Unified School District,Oakland,CA,Independent,2003
East Palo Alto Academy,Sequoia Union High School District,Menlo Park,CA,Independent,2012
Edison Charter Academy,San Francisco Unified School District,San Francisco,CA,Independent,2001
Edison-Bethune Charter Academy,Fresno County Office Of Education,Fresno,CA,EMO,1999
Edison-Brentwood Academy,Ravenswood City School District,East Palo Alto,CA,EMO,1999
Edward B. Cole Academy,Santa Ana Unified School District,Santa Ana,CA,Independent,2003
Eel River Charter,Round Valley Unified School District,Covelo,CA,Independent,1994
Eje Elementary Academy Charter,Cajon Valley Union School District,El Cajon,CA,CMO,2005
El Camino Real Charter High,Los Angeles Unified School District,Woodland Hills,CA,Independent,2011
El Dorado Coe Charter Community Day,El Dorado County Office Of Education,Placerville,CA,Independent,2006
El Oro Way Charter for Enriched Studies,Los Angeles Unified School District,Granada Hills,CA,Independent,2012
El Rancho Charter,Orange Unified School District,Anaheim,CA,Independent,2003
El Sol Santa Ana Science and Arts Academy,Santa Ana Unified School District,Santa Ana,CA,Independent,2001
Elevate Elementary,San Diego Unified,San Diego,CA,Independent,2014
Elise P. Buckingham Charter,Vacaville Unified School District,Vacaville,CA,Independent,1994
Elk Grove Charter,Elk Grove Unified School District,Elk Grove,CA,Independent,1999
Emelita Academy Charter,Los Angeles Unified,Encino,CA,Independent,2013
Emerson Community Charter,,Los Angeles,CA,Independent,2014
Empire Springs Charter,Helendale Elementary,Temecula,CA,CMO,2013
Empower Charter,San Diego Unified,San Diego,CA,Independent,2014
Enadia Technology Enriched Charter,Los Angeles Unified School District,West Hills,CA,Independent,2012
Encino Charter Elementary,Los Angeles Unified School District,Encino,CA,Independent,2012
Encore High for The Performing and Visual Arts,Hesperia Unified School District,Hesperia,CA,Independent,2008
Endeavor College Preparatory Charter,Los Angeles Unified School District,Los Angeles,CA,CMO,2009
Environmental Charter High,Lawndale Elementary School District,Lawndale,CA,CMO,2001
Environmental Charter Middle,Los Angeles County Office Of Education,Lawndale,CA,CMO,2010
Environmental Charter Middle - Inglewood,Los Angeles County Office of Education,Inglewood,CA,CMO,2013
Envision Academy for Arts & Technology,Alameda County Office Of Education,Oakland,CA,CMO,2006
Ephraim Williams College Prep,,Sacramento,CA,Independent,2014
Epic Charter,Oakland Unified,Oakland,CA,CMO,2014
Epiphany Prep Charter,San Diego Unified,Escondido,CA,Independent,2013
Equitas Academy #2,Los Angeles Unified,Los Angeles,CA,CMO,2013
Equitas Academy Charter,Los Angeles Unified School District,Los Angeles,CA,CMO,2009
Escalon Charter Academy,Escalon Unified,Escalon,CA,Independent,2012
Escondido Charter High,Escondido Union High School District,Escondido,CA,CMO,1996
Escuela Popular Accelerated Family Learning,East Side Union High School District,San Jose,CA,CMO,2002
Escuela Popular/Center for Training and Careers,East Side Union High School District,San Jose,CA,CMO,2004
Evangeline Roberts Institute of Learning,San Diego Unified School District,San Diego,CA,Independent,2011
Everest Public High,Sequoia Union High School District,Redwood City,CA,CMO,2009
Everest Value,Los Angeles Unified,Los Angeles,CA,CMO,2014
Excel Charter Academy,Los Angeles Unified School District,Los Angeles,CA,CMO,2006
Excel Prep Charter,San Bernardino City Unified School District,San Bernardino,CA,CMO,2010
Excel Prep Charter - LE,Nuview Union School District,,CA,CMO,2012
Excelsior Charter,Victor Valley Union High School District,Victorville,CA,Independent,1995
Executive Preparatory Academy of Finance,Los Angeles Unified,Beverley Hills,CA,Independent,2013
Explorer Elementary,San Diego Unified School District,San Diego,CA,CMO,2000
Extera Public,Los Angeles Unified School District,Los Angeles,CA,CMO,2011
Extera Public School No. 2,Los Angeles Unified,,CA,CMO,2013
Ezequiel Tafoya Alvarado Academy,Madera Unified School District,Madera,CA,Independent,2005
FAME Public Charter,Alameda County Office Of Education,,CA,Independent,2005
Fairmont Charter Elementary,Vacaville Unified School District,Vacaville,CA,Independent,2006
Family First Charter,Centinela Valley Union High School District,Hawthorne,CA,Independent,2013
Fammatre Elementary,Cambrian School District,San Jose,CA,Independent,2004
Farnham Charter,Cambrian School District,San Jose,CA,Independent,2003
Feaster (Mae L.) Charter,Chula Vista Elementary School District,Chula Vista,CA,Independent,1997
Fenton Avenue Charter,Los Angeles Unified School District,Lake View,CA,CMO,1994
Fenton Primary Center,Los Angeles Unified School District,Lake View,CA,CMO,2008
Fernando Pullum Performing Arts High,Los Angeles Unified School District,Los Angeles,CA,CMO,2009
Film and Theatre Arts Charter High,Los Angeles Unified School District,Los Angeles,CA,CMO,2010
Five Keys Adult School,San Francisco Unified School District,San Francisco,CA,CMO,2008
Five Keys Charter (Sf Sheriff's),San Francisco Unified School District,San Francisco,CA,CMO,2004
Foothill Leadership Academy,Tuolumne County Superintendent of Schools,Sonora,CA,Independent,2014
Forest Charter,Nevada County Office Of Education,Nevada City,CA,Independent,2012
Forest Hill Elementary,Campbell Union School District,San Jose,CA,Independent,2008
Forest Ranch Charter,Chico Unified School District,Forest Ranch,CA,Independent,2008
Forestville Academy,Forestville Union School District,Forestville,CA,Independent,2006
Frederick Douglas Academy Middle School,Los Angeles Unified School District,Los Angeles,CA,CMO,2006
Frederick Douglass Academy Elementary,Los Angeles Unified School District,Los Angeles,CA,CMO,2008
Frederick Douglass Academy High,Los Angeles Unified School District,Los Angeles,CA,CMO,2006
Freshwater Charter Middle,Freshwater School District,Eureka,CA,Independent,1999
Frontier Elementary,Pioneer Union Elementary School District,Hanford,CA,Independent,2008
Fuente Nueva Charter,Arcata School District,Arcata,CA,Independent,2005
Fusion Charter,Turlock Unified,Turlock,CA,CMO,2014
Futures High,Twin Rivers Unified School District,North Highlands,CA,CMO,2004
Gabriella Charter,Los Angeles Unified School District,Los Angeles,CA,Independent,2005
Garr Academy of Math and Entrepreneurial Studies,Los Angeles Unified School District,Los Angeles,CA,Independent,2006
Gates Charter Language School,Saddleback Valley Unified School District,Lake Forest,CA,Independent,1999
Gateway College and Career Academy,Riverside County Office of Education,Riverside,CA,Independent,2013
Gateway High,San Francisco Unified School District,San Francisco,CA,CMO,1998
Gateway International,San Juan Unified,Sacramento,CA,CMO,2013
Gateway Middle,San Francisco Unified School District,San Francisco,CA,CMO,2011
Gateway to College Academy,Petaluma Joint Union High,Petaluma,CA,Independent,2013
George Ellery Hale Charter Academy,Los Angeles Unified School District,Woodland Hills,CA,Independent,2011
George Washington Charter,Desert Sands Unified School District,Palm Desert,CA,Independent,1994
Germain Academy for Academic Achievement,Los Angeles Unified School District,Chatsworth,CA,Independent,2012
Gilroy Prep,Gilroy Unified School District,Gilroy,CA,EMO,2011
Global College Prep Charter High,Center Joint Unified School District,Antelope,CA,Independent,2004
Global Education Academy,Los Angeles Unified School District,Los Angeles,CA,CMO,2007
Global Education Academy 2,Los Angeles Unified,Los Angeles,CA,CMO,2014
Global Education Academy Middle,Los Angeles Unified,Los Angeles,CA,CMO,2013
Goethe International Charter,Los Angeles Unified School District,Los Angeles,CA,Independent,2009
Golden Oak Montessori of Hayward,Hayward Unified School District,Hayward,CA,CMO,2009
Golden Valley Charter,Mesa Union School District,,CA,Independent,2001
Golden Valley Charter School of Sacramento,San Juan Unified School District,Orangevale,CA,Independent,2007
Gompers Preparatory Academy,San Diego Unified School District,San Diego,CA,Independent,2009
Gorman Learning Center,Gorman Elementary School District,Gorman,CA,Independent,2000
Grace Hopper STEM Academy,Inglewood Unified,Inglewood,CA,Independent,2013
Granada Community Charter,Los Angeles Unified,Granada Hills,CA,Independent,2013
Granada Hills Charter High,Los Angeles Unified School District,Granada Hills,CA,Independent,2003
Grass Valley Charter,Grass Valley School District,Grass Valley,CA,Independent,1993
Gratton Charter,Gratton Elementary,Denair,CA,Independent,2009
Gravenstein Elementary,Gravenstein Union Elementary,Sebastopol,CA,Independent,2012
Grayson Charter,Patterson Joint Unified School District,Westley,CA,Independent,1999
Great Valley Academy,Stanislaus County Office Of Education,Modesto,CA,CMO,2008
Great Valley Academy - Manteca,New Jerusalem Elementary School District,Manteca,CA,CMO,2011
Green Valley Charter,Los Angeles Unified School District,Los Banos,CA,Independent,2012
Grimmway Academy,Kern County Office Of Education,Arvin,CA,Independent,2011
Grizzly Challenge Charter,San Luis Obispo County Office Of Education,San Luis Obispo,CA,Independent,2003
Grover Cleveland Charter High,Los Angeles Unified,Reseda,CA,Independent,2013
Guajome Learning Center,Vista Unified School District,Vista,CA,CMO,2011
Guajome Park Academy Charter,Vista Unified School District,Vista,CA,CMO,1994
Guidance Charter,Palmdale School District,Palmdale,CA,Independent,2002
Hallmark Charter,Sanger Unified School District,Sanger,CA,Independent,1999
Hamlin Charter Academy,Los Angeles Unified School District,West Hills,CA,Independent,2012
Harbor Springs Charter,Julian Union Elementary,Temecula,CA,CMO,2013
Hardy Brown College Prep,San Bernardino City Unified School District,San Bernardino,CA,CMO,2010
Harmony Magnet Academy,Porterville Unified School District,Strathmore,CA,Independent,2008
Harriet Tubman Village Charter,San Diego Unified School District,San Diego,CA,Independent,1994
Harvest Ridge Cooperative Charter,Newcastle Elementary School District,Newcastle,CA,Independent,2010
Hawthorne Math and Science Academy,Hawthorne School District,Hawthorne,CA,Independent,2003
Haynes Charter for Enriched Studies,Los Angeles Unified School District,West Hills,CA,Independent,2012
Healdsburg Charter,Healdsburg Unified,Healdsburg,CA,Independent,2011
Health Careers Acacdemy,Stockton Unified School District,Stockton,CA,Independent,2011
Health Sciences High,San Diego Unified School District,,CA,CMO,2007
Health Sciences Middle,San Diego Unified,San Diego,CA,CMO,2013
Heather Elementary,San Carlos School District,San Carlos,CA,Independent,1999
Helix High,Grossmont Union High School District,La Mesa,CA,Independent,1998
Heritage Digital Academy Charter Middle,Escondido Union,Escondido,CA,CMO,2013
Heritage K-8 Charter,Escondido Union School District,Escondido,CA,CMO,2003
Heritage Peak Charter,Twin Rivers Unified School District,Rio Linda,CA,CMO,2005
Hesby Oaks Leadership Charter,Los Angeles Unified School District,Encino,CA,Independent,2012
Hickman Elementary,Hickman Community Charter School District,Hickman,CA,Independent,1999
Hickman Middle,Hickman Community Charter School District,Hickman,CA,Independent,1999
High Tech Elementary Chula Vista,Chula Vista Elementary School District,Chula Vista,CA,CMO,2011
High Tech Elementary North County,San Diego City Unified School District,San Diego,CA,CMO,2013
High Tech High,San Diego Unified School District,San Diego,CA,CMO,2000
High Tech High - La,Los Angeles Unified School District,Lake Balboa,CA,Independent,2004
High Tech High Chula Vista,Sweetwater Union High School District,Chula Vista,CA,CMO,2007
High Tech High International,San Diego Unified School District,San Diego,CA,CMO,2004
High Tech High Media Arts,San Diego Unified School District,San Diego,CA,CMO,2005
High Tech High North County,San Marcos Unified School District,San Marcos,CA,CMO,2007
High Tech Middle,San Diego Unified School District,San Diego,CA,CMO,2003
High Tech Middle Chula Vista,Chula Vista Elementary School District,Chula Vista,CA,CMO,2011
High Tech Middle Media Arts,San Diego Unified School District,San Diego,CA,CMO,2005
High Tech Middle North County,San Marcos Unified School District,San Marcos,CA,CMO,2009
Higher Learning Academy,Twin Rivers Unified School District,Sacremento,CA,CMO,2007
Highland Academy,Beaumont Unified,Beaumont,CA,Independent,2013
Highlands Community Charter,Twin Rivers Unified,Sacramento,CA,Independent,2014
Hillcrest Middle,Gravenstein Union Elementary,Sebastopol,CA,Independent,2012
Hollister Prep,Hollister,Gilroy,CA,EMO,2013
Holly Drive Leadership Academy,San Diego Unified School District,San Diego,CA,Independent,1999
Hope Academy,Morongo Unified,,CA,Independent,2011
Hope Charter Academy,Acton-Agua Dulce Unified,Acton,CA,CMO,2014
Horizon Charter,Western Placer Unified School District,,CA,Independent,1993
Howard Gardner Community Charter,Chula Vista Elementary School District,Chula Vista,CA,Independent,2012
Hume Lake Charter,Fresno County Office Of Education,Hume Lake,CA,Independent,2006
ICEF Inglewood Elementary Charter Academy,Inglewood Unified School District,Los Angeles,CA,CMO,2009
ICEF Inglewood Middle Charter Academy,Inglewood Unified School District,Los Angeles,CA,CMO,2009
Icef Vista Elementary Academy,Los Angeles Unified School District,Los Angeles,CA,CMO,2008
Icef Vista Middle Academy,Los Angeles Unified School District,Los Angeles,CA,CMO,2008
Ida Jew Academies,Mt. Pleasant Elementary,San Jose,CA,Independent,2010
Iftin Charter,San Diego Unified School District,San Diego,CA,Independent,2006
Ilead Lancaster Charter,Lancaster Elementary,Lancaster,CA,CMO,2012
Imagine Schools at Imperial Valley,El Centro Elementary,El Centro,CA,CMO,2010
Impact Academy of Arts & Technology,Hayward Unified School District,Hayward,CA,CMO,2007
Imperial Beach Charter,South Bay Union School District,Imperial Beach,CA,Independent,2012
Imperial Valley Home School Academy,El Centro Elementary,El Centro,CA,Independent,2010
Independence Charter Academy,Helendale Elementary,Helendale,CA,Independent,2014
Ingenium Charter,Los Angeles Unified School District,Canoga Park,CA,CMO,2010
Ingenium Charter Middle,Los Angeles Unified,Canoga Park,CA,CMO,2013
Inland Leaders Charter,Yucaipa-Calimesa Joint Unified School District,Yucaipa,CA,Independent,2007
Innovations Academy,San Diego Unified School District,San Diego,CA,Independent,2008
Innovative Horizons Charter,Perris Elementary,Perris,CA,Independent,2011
Inspire School of Arts and Sciences,Chico Unified School District,Chico,CA,Independent,2010
Integrity Charter,National School District,National City,CA,Independent,2003
Intellectual Virtues Academy of Long Beach,Long Beach Unified,Long Beach,CA,Independent,2013
Intermountain STEM Academy Charter,Kelseyville Unified,Cobb,CA,Independent,2014
International School of Monterey,Monterey Peninsula Unified School District,Seaside,CA,Independent,2001
Ipakanni Early College Charter,Feather Falls Union Elementary,Oroville,CA,Independent,2010
Island Elementary,Island Union Elementary School District,Lemoore,CA,Independent,2000
Ivy Academia,Los Angeles Unified School District,Woodland Hills,CA,Independent,2004
Ivy Bound Academy,Los Angeles Unified School District,Sherman Oaks,CA,CMO,2007
IvyTech Charter,Moorpark Unified,Moorpark,CA,Independent,2010
Jacoby Creek Charter,Jacoby Creek Charter School District,Bayside,CA,Independent,2004
James Jordan Middle,Los Angeles Unified School District,Northridge,CA,Independent,2005
Jardin De La Infancia,Los Angeles Unified School District,Los Angeles,CA,Independent,2004
Jefferson Charter Academy,,Hanford,CA,Independent,2014
Joe Serna Jr. Charter,Lodi Unified School District,Lodi,CA,Independent,2000
John Adams Academy,Loomis Union School District,Roseville,CA,Independent,2011
John B. Riebli Elementary,Mark West Union School District,Santa Rosa,CA,Independent,2012
Journey School,Capistrano Unified School District,Aliso Viejo,CA,Independent,2000
Juan Bautista De Anza,Borrego Springs Unified School District,Borrego Springs,CA,Independent,2008
Justice Street Academy Charter,Los Angeles Unified School District,West Hills,CA,Independent,2012
KIPP Academy of Innovation,Los Angeles Unified,Los Angeles,CA,CMO,2014
KIPP Academy of Opportunity,Los Angeles Unified School District,Los Angeles,CA,CMO,2003
KIPP Adelante,San Diego Unified School District,San Diego,CA,CMO,2003
KIPP Bayview Academy,San Francisco Unified School District,San Francisco,CA,CMO,2003
KIPP Bridge Charter,Oakland Unified School District,Oakland,CA,CMO,2007
KIPP Comienza Community Prep,Los Angeles Unified School District,South Gate,CA,CMO,2010
KIPP Empower Academy,Los Angeles Unified School District,Los Angeles,CA,CMO,2010
KIPP Heartwood Academy,Alum Rock Union Elementary School District,San Jose,CA,CMO,2004
KIPP Heritage Academy,Franklin-McKinley Elementary,San Jose,CA,CMO,2014
KIPP Iluminar Academy,Los Angeles Unified,Los Angeles,CA,CMO,2013
KIPP King Collegiate High,San Lorenzo Unified School District,San Lorenzo,CA,CMO,2007
KIPP Los Angeles College Preparatory,Los Angeles Unified School District,Los Angeles,CA,CMO,2003
KIPP Philosophers Academy,Los Angeles Unified School District,Los Angeles,CA,CMO,2012
KIPP Raices Academy,Los Angeles Unified School District,Los Angeles,CA,CMO,2008
KIPP San Francisco Bay Academy,San Francisco Unified School District,San Francisco,CA,CMO,2003
KIPP San Francisco College Preparatory,San Francisco Unified,San Francisco,CA,CMO,2013
KIPP San Jose Collegiate,East Side Union High School District,San Jose,CA,CMO,2008
KIPP Scholar Academy,Los Angeles Unified School District,Los Angeles,CA,CMO,2012
KIPP Sol Academy,Los Angeles Unified,Los Angeles,CA,CMO,2013
KIPP Summit Academy,San Lorenzo Unified School District,San Lorenzo,CA,CMO,2006
KIPP Vida Preparatory Academy,Los Angeles Unified,Los Angeles,CA,CMO,2014
Kairos Public School Vacaville Academy,Vacaville Unified,Vacaville,CA,CMO,2014
Kavod Elementary Charter,San Diego Unified,San Diego,CA,Independent,2013
Kawana Elementary,Bellevue Union Elementary,Santa Rosa,CA,Independent,2012
Keiller Leadership Academy,San Diego Unified School District,San Diego,CA,Independent,2005
Kenter Canyon Charter Elementary School,Los Angeles Unified School District,Los Angeles,CA,CMO,1993
Kepler Neighborhood,Fresno Unified,Fresno,CA,Independent,2013
Kern Workforce 2000 Academy,Kern High School District,Bakersfield,CA,Independent,1995
Kid Street Learning Center Charter,Santa Rosa Elementary School District,Santa Rosa,CA,Independent,1999
King/Chavez Academy of Excellence,San Diego Unified School District,San Diego,CA,CMO,2001
King/Chavez Arts Academy,San Diego Unified School District,San Diego,CA,CMO,2005
King/Chavez Athletics Academy,San Diego Unified School District,San Diego,CA,CMO,2005
King/Chavez Community High School,San Diego Unified School District,San Diego,CA,CMO,2009
King/Chavez Preparatory Academy,San Diego Unified School District,San Diego,CA,CMO,2006
King/Chavez Primary Academy,San Diego Unified School District,San Diego,CA,CMO,2005
Kings River-Hardwick Elementary,Kings River-Hardwick School District,Hanford,CA,Independent,2004
Kipp Prize Preparatory Academy,Alum Rock Union Elementary,San Jose,CA,CMO,2014
Klamath River Early College of the Redwoods,Del Norte County Office Of Education,Klamath,CA,Independent,2005
Knollwood Preparatory Academy,Los Angeles Unified School District,Granada Hills,CA,Independent,2012
Knowledge Enlightens You (KEY) Academy,Hayward Unified,Sunol,CA,Independent,2013
LPS Oakland R&D Campus,Oakland Unified School District,,CA,CMO,2012
La Sierra High,Tulare County Office Of Education,Visalia,CA,Independent,2000
La Tijera K-8 Academy of Excellence,Inglewood Unified,Inglewood,CA,Independent,2013
La Verne Science and Technology Charter,Pomona Unified,Pomona,CA,Independent,2013
Lake County International Charter,Middletown Unified School District,Middletown,CA,Independent,2005
Lakeview Charter Academy,Los Angeles Unified School District,Lake View View,CA,CMO,2004
Lakeview Charter High,Los Angeles Unified School District,San Fernando,CA,CMO,2010
Larchmont Charter,Los Angeles Unified School District,Los Angeles,CA,Independent,2005
Lashon Academy,Los Angeles Unified,Van Nuys,CA,Independent,2014
Latino College Preparatory Academy,East Side Union High School District,San Jose,CA,CMO,2001
Laurel Preparatory Academy,San Diego Unified,San Diego,CA,CMO,2013
Laurel Tree Charter,Northern Humboldt Union High School District,Arcata,CA,Independent,2011
Laverne Elementary Preparatory Academy,Hesperia Unified School District,Hesperia,CA,Independent,2008
Lazear Charter Academy,Alameda County Office Of Education,Oakland,CA,CMO,2012
Leadership High,San Francisco Unified School District,San Francisco,CA,Independent,1997
Leadership Public Schools - Hayward,Hayward Unified School District,Hayward,CA,CMO,2006
Leadership Public Schools - San Jose,Santa Clara County Office Of Education,San Jose,CA,CMO,2004
Leadership Public Schools: Richmond,West Contra Costa Unified School District,Richmond,CA,CMO,2003
Learning Choice Academy,San Diego Unified School District,,CA,Independent,2004
Learning Community Charter,Butte County Office Of Education,Oroville,CA,Independent,1996
Learning Without Limits,Oakland Unified School District,Oakland,CA,CMO,2012
Learning for Life Charter,Monterey Peninsula Unified School District,,CA,Independent,2002
Lemoore Elementary University Charter,Lemoore Union Elementary School District,Lemoore,CA,Independent,2003
Lemoore Middle College High,Lemoore Union High,Lemoore,CA,Independent,2009
Leonardo Da Vinci Health Sciences Charter,Chula Vista Elementary School District,Chula Vista,CA,Independent,2009
Leroy Greene Academy,Natomas Unified School District,Sacramento,CA,Independent,2012
Liberty Elementary,Liberty School District,Petaluma,CA,Independent,2010
Life Learning Academy Charter,San Francisco Unified School District,,CA,Independent,1998
Life Source International Charter,Lancaster Elementary,Lancaster,CA,Independent,2011
Lifeline Education Charter,Compton Unified School District,Compton,CA,Independent,2002
Lighthouse Community Charter,Oakland Unified School District,Oakland,CA,CMO,2002
Lighthouse Community Charter High,Oakland Unified School District,Oakland,CA,CMO,2005
Lincoln Elementary,Kingsburg Elementary Charter School District,Kingsburg,CA,Independent,1996
Lincoln Street School,,Red Bluff,CA,Independent,2014
Linscott Charter,Pajaro Valley Unified School District,Watsonville,CA,Independent,1994
Literacy First Charter,San Diego County Office Of Education,El Cajon,CA,Independent,2001
Live Oak Charter,Petaluma City Elementary School District,,CA,Independent,2001
Livermore Valley Charter,Livermore Valley Joint Unified School District,Livermore,CA,CMO,2005
Livermore Valley Charter Preparatory High,Livermore Valley Joint Unified School District,Livermore,CA,CMO,2010
Lockhurst Drive Charter Elementary,Los Angeles Unified School District,Woodland Hills,CA,Independent,2012
Loma Vista Charter,Lindsay Unified,Lindsay,CA,Independent,2011
Loma Vista Immersion Academy,Old Adobe Union,Petaluma,CA,Independent,2013
Long Valley Charter,Ravendale-Termo Elementary,Doyle,CA,Independent,2000
Loomis Basin Charter,Loomis Union School District,Loomis,CA,Independent,2008
Los Angeles Academy of Arts & Enterprise,Los Angeles Unified School District,Los Angeles,CA,EMO,2005
Los Angeles County Online High,Antelope Valley Union High School District,Lancaster,CA,Independent,2007
Los Angeles International Charter High,Los Angeles County Office Of Education,Los Angeles,CA,Independent,2005
Los Angeles Leadership Academy,Los Angeles Unified School District,Los Angeles,CA,CMO,2002
Los Angeles Leadership Primary Academy,Los Angeles Unified School District,Los Angeles,CA,CMO,2011
Los Feliz Charter School for the Arts,Los Angeles Unified School District,Los Angeles,CA,Independent,2006
Lou Dantzler Preparatory Charter Elementary,Los Angeles Unified School District,Los Angeles,CA,CMO,2008
Lou Dantzler Preparatory Charter Middle,Los Angeles Unified School District,Los Angeles,CA,CMO,2007
Luis Valdez Leadership Academy,East Side Union High,San Jose,CA,CMO,2014
Lynhaven Elementary,Campbell Union School District,San Jose,CA,Independent,2006
Maac Community Charter,Sweetwater Union High School District,Chula Vista,CA,Independent,2001
Magnolia Science Academy,Los Angeles Unified School District,Reseda,CA,CMO,2002
Magnolia Science Academy #6 - Palms,Los Angeles Unified School District,Los Angeles,CA,CMO,2009
Magnolia Science Academy #7 - Van Nuys,Los Angeles Unified School District,Reseda,CA,CMO,2010
Magnolia Science Academy #8 - Bell,Los Angeles Unified School District,Bell,CA,CMO,2010
Magnolia Science Academy - 2,Los Angeles Unified School District,Reseda,CA,CMO,2007
Magnolia Science Academy - 3,Los Angeles Unified School District,Gardena,CA,CMO,2008
Magnolia Science Academy - 4,Los Angeles Unified School District,Los Angeles,CA,CMO,2008
Magnolia Science Academy - 5,Los Angeles Unified School District,Hollywood,CA,CMO,2008
Magnolia Science Academy - San Diego,San Diego Unified School District,San Diego,CA,CMO,2005
Magnolia Science Academy Santa Ana,SBE - Magnolia Science Academy Santa Ana,Costa Mesa,CA,CMO,2014
Magnolia Science Academy Santa Clara,Santa Clara County Office Of Education,Sunnyvale,CA,CMO,2010
Making Waves Academy,Contra Costa County Office Of Education,Richmond,CA,Independent,2007
Manteca Unified Vocational Academy,Manteca Unified,Manteca,CA,Independent,2012
Manzanita Middle,West Contra Costa Unified School District,Richmond,CA,Independent,2001
Manzanita Public Charter,Lompoc Unified School District,Vandenberg AFB,CA,Independent,2008
Mare Island Technology (MIT) Academy,Vallejo City Unified School District,Vallejo,CA,Independent,1999
Mare Island Technology Academy High,Vallejo City Unified School District,Vallejo,CA,Independent,2002
Maria Montessori Charter Academy,Twin Ridges Elementary School District,Rocklin,CA,Independent,2000
Mark West Charter,Mark West Union School District,Santa Rosa,CA,Independent,2004
Marquez Avenue Elementary,Los Angeles Unified School District,Pacific Palisades,CA,CMO,1993
Marshall Lane Elementary,Campbell Union School District,Saratoga,CA,Independent,2008
Mary Collins Charter School at Cherry Valley,Petaluma Joint Union High School District,Petaluma,CA,Independent,2002
Marysville Charter Academy for the Arts,Marysville Joint Unified School District,Marysville,CA,Independent,2000
Math and Science College Preparatory,Los Angeles Unified,Los Angeles,CA,Independent,2013
Mcgill School of Success,San Diego Unified School District,San Diego,CA,Independent,1996
Meadows Arts & Technology Elementary School (MATES),Ventura County Office Of Education,Thousand Oaks,CA,Independent,2009
Met Sacramento Charter High,Sacramento City Unified School District,Sacramento,CA,CMO,2003
MethodSchools,Dehesa Elementary,San Diego,CA,Independent,2014
Metro Charter,Los Angeles Unified,Los Angeles,CA,Independent,2013
Milagro Charter,Los Angeles Unified School District,Los Angeles,CA,CMO,2004
Millennium Charter,Tracy Unified School District,Tracy,CA,CMO,2004
Millennium Charter High,Monterey County Office of Education,Salinas,CA,Independent,2013
Minarets Charter High,Chawanakee Unified,O'Neals,CA,Independent,2011
Mirus Secondary,Hesperia Unified School District,,CA,CMO,2007
Mission Preparatory,San Francisco Unified School District,San Francisco,CA,Independent,2011
Miwok Valley Language Academy Charter,Old Adobe Union Elementary,Petaluma,CA,Independent,2012
Monarch Learning Center,Redding School District,Redding,CA,Independent,2000
Monroe Middle,Campbell Union School District,San Jose,CA,Independent,2006
Monsenor Oscar Romero Charter Middle,Los Angeles Unified School District,Los Angeles,CA,CMO,2007
Montague Charter Academy,Los Angeles Unified School District,Pacoima,CA,Independent,1996
Monterey Bay Charter,Monterey County Office Of Education,Pacific Grove,CA,Independent,2006
Moreno Valley Community Learning Center,Moreno Valley Unified School District,Moreno Valley,CA,Independent,1994
Morris E. Dailey Charter Elementary,Fresno Unified School District,Fresno,CA,Independent,2010
Mosaica Online Academy of Los Angeles,Acton-Agua Dulce Unified,Agua Dulce,CA,EMO,2014
Mosaica Online Academy of Southern California,Dehesa Elementary,El Cajon,CA,EMO,2014
Mountain View Montessori Charter,Victor Elementary School District,Victorville,CA,Independent,2000
Mt. Lassen Charter,Fort Sage Unified School District,Herlong,CA,Independent,2010
Mueller Charter,Chula Vista Elementary School District,Chula Vista,CA,Independent,1994
Muir Charter,Nevada County Office Of Education,Nevada City,CA,Independent,1999
Multicultural Learning Center,Los Angeles Unified School District,Canoga Park,CA,Independent,2001
Museum School,San Diego Unified School District,San Diego,CA,Independent,1998
N.E.W. Academy Canoga Park,Los Angeles Unified School District,Canoga Park,CA,Independent,2005
N.E.W. Academy of Science and Art,Los Angeles Unified School District,Los Angeles,CA,Independent,2003
NOVA Academy - Coachella,Coachella Valley Unified,Coachella,CA,CMO,2010
Napa Valley Language Academy,Napa Valley Unified School District,Napa,CA,Independent,1999
National University Academy - Orange Center,Orange Center,Fresno,CA,EMO,2011
Natomas Charter,Natomas Unified School District,Sacramento,CA,Independent,1993
Natomas Pacific Pathways Prep,Natomas Unified School District,Sacramento,CA,Independent,2006
Natomas Pacific Pathways Prep Middle,Natomas Unified School District,Sacramento,CA,Independent,2009
Nea Community Learning Center,Alameda Unified School District,Alameda,CA,CMO,2009
Nestle Avenue Charter,Los Angeles Unified School District,Tarzana,CA,Independent,2012
Nestor Language Academy Charter,South Bay Union School District,San Diego,CA,Independent,2010
Nevada City Charter,Nevada City School District,Nevada City,CA,Independent,1994
Nevada City School of the Arts,Nevada County Office Of Education,,CA,Independent,2005
New City School,Long Beach Unified School District,Long Beach,CA,Independent,2000
New Designs Charter,Los Angeles Unified School District,Los Angeles,CA,CMO,2004
New Designs Charter School - Watts,Los Angeles Unified School District,Los Angeles,CA,CMO,2009
New Heights Charter,Los Angeles Unified School District,Los Angeles,CA,Independent,2006
New Jerusalem,New Jerusalem Elementary School District,Tracy,CA,Independent,2008
New Joseph Bonnheim (NJB) Community Charter,Sacramento City Unified,Sacramento,CA,Independent,2014
New Los Angeles Charter,Los Angeles Unified School District,Los Angeles,CA,Independent,2008
New Millenium Secondary School,Los Angeles Unified School District,Carson,CA,Independent,2008
New Opportunities Charter,Centinela Valley Union High School District,Los Angeles,CA,Independent,2013
New Spirit Charter Academy,Fresno County Office Of Education,Fresno,CA,Independent,2012
New Technology High,Sacramento City Unified School District,Sacramento,CA,CMO,2003
New Village Charter High,Los Angeles Unified School District,Los Angeles,CA,CMO,2006
New Vision Middle,San Bernardino City Unified School District,San Bernardino,CA,CMO,2009
New West Charter,Los Angeles Unified School District,West Los Angeles,CA,Independent,2005
Newcastle Charter,Newcastle Elementary School District,Newcastle,CA,Independent,2005
Nightingale Charter,Stockton Unified School District,Stockton,CA,Independent,2011
Nord Country School,Chico Unified School District,Chico,CA,Independent,2005
North County Trade Tech High,Vista Unified School District,Vista,CA,Independent,2008
North Oakland Community Charter,Oakland Unified School District,Oakland,CA,Independent,2000
North Valley Charter Academy,Los Angeles Unified School District,Granada Hills,CA,Independent,2003
North Woods Discovery,Gateway Unified School District,Redding,CA,Independent,2001
Northcoast Preparatory and Performing Arts Academy,Humboldt County Office Of Education,Arcata,CA,Independent,2007
Northern Summit Academy,Whitmore Union Elementary,Cottonwood,CA,Independent,2014
Norton Space and Aeronautics Academy,San Bernardino County Office Of Education,San Bernardino,CA,CMO,2008
Nova Academy,Santa Ana Unified School District,Santa Ana,CA,CMO,2005
Novato Charter,Novato Unified School District,Novato,CA,Independent,1996
Nueva Esperanza Charter Academy,Los Angeles Unified School District,San Fernando,CA,CMO,2009
Nueva Vista Language Academy,Delano Union Elementary,Delano,CA,Independent,2009
Nuview Bridge Early College High,Nuview Union School District,Nuevo,CA,Independent,2001
O'Farrell Community Center for Advanced Academy,San Diego Unified School District,San Diego,CA,Independent,1994
OCSA,Santa Ana Unified School District,Santa Ana,CA,Independent,2000
Oak Grove Elem/Willowside Middle,Oak Grove Union School District,Santa Rosa,CA,Independent,2004
Oak Park Preparatory Academy,Sacramento City Unified School District,Sacramento,CA,CMO,2012
Oakland Charter Academy,Oakland Unified School District,Oakland,CA,CMO,1993
Oakland Charter High,Oakland Unified School District,Oakland,CA,CMO,2007
Oakland School for the Arts,Oakland Unified School District,Oakland,CA,Independent,2002
Oakland Unity High,Oakland Unified School District,Oakland,CA,Independent,2003
Oasis Charter Public,Alisal Union School District,Salinas,CA,Independent,2002
Ocean Charter,Los Angeles Unified School District,Los Angeles,CA,Independent,2004
Ocean Grove Charter,San Lorenzo Valley Unified School District,Boulder Creek,CA,CMO,2005
Odyssey Charter,Los Angeles County Office Of Education,Altadena,CA,Independent,1999
Old Adobe Elementary Charter,Old Adobe Union Elementary,Petaluma,CA,Independent,2012
Old Town Academy K-8 Charter,San Diego Unified School District,San Diego,CA,Independent,2011
Olivet Charter,Piner-Olivet Union School District,Santa Rosa,CA,Independent,2012
Open Charter Magnet,Los Angeles Unified School District,Los Angeles,CA,Independent,1993
Opportunities For Learning - Duarte,Duarte Unified,,CA,EMO,2013
Opportunities for Learning - Baldwin Park,Baldwin Park Unified School District,,CA,EMO,2001
Opportunities for Learning - Baldwin Park II,Baldwin Park Unified School District,,CA,EMO,2007
Opportunities for Learning - Capistrano,Capistrano Unified School District,Dana Point,CA,EMO,2003
Opportunities for Learning - Fresno,Westside Elementary,Fresno,CA,EMO,2012
Opportunities for Learning - Santa Clarita,William S. Hart Union High School District,Canyon Country,CA,EMO,1999
Optimist Charter,Los Angeles County Office of Education,Los Angeles,CA,Independent,2013
Options for Youth - Burbank,Burbank Unified School District,Burbank,CA,CMO,1997
Options for Youth - San Gabriel,San Gabriel Unified School District,San Gabriel,CA,CMO,1997
Options for Youth - San Juan,San Juan Unified School District,,CA,CMO,2000
Options for Youth - Victor Valley,Victor Valley Union High School District,Victorville,CA,CMO,1993
Orange County Conservation Corps Charter,Mono County Office Of Education,Fullerton,CA,Independent,2012
Orange County Educational Arts Academy (Oceaa),Santa Ana Unified School District,Santa Ana,CA,Independent,2005
Orcutt Academy,Orcutt Union School District,Orcutt,CA,Independent,2008
Our Community Charter,Los Angeles Unified School District,North Hills,CA,Independent,2005
Oxford Preparatory Academy,Borrego Springs Unified,Chino,CA,CMO,2013
Oxford Preparatory Academy - Chino Valley,Chino Valley Unified,Chino,CA,CMO,2010
Oxford Preparatory Academy - South Orange County,Capistrano Unified School District,Mission Viejo,CA,CMO,2011
PREPA TEC - Los Angeles,Los Angeles Unified,Walnut Park,CA,CMO,2013
PUC Community Charter Elementary,Los Angeles Unified,Sylmar,CA,CMO,2014
PUC Inspire Charter Academy,Los Angeles Unified,San Fernando,CA,CMO,2014
Pacific Collegiate Charter,Santa Cruz County Office Of Education,Santa Cruz,CA,Independent,1999
Pacific Community Charter,Arena Union Elementary,Point Arena,CA,Independent,1999
Pacific Law Academy,Stockton Unified School District,Stockton,CA,Independent,2011
Pacific Technology School Orangevale,San Juan Unified School District,Orangevale,CA,CMO,2009
Pacific View Charter,Loleta Union School District,Eureka,CA,EMO,2000
Pacoima Charter Elementary,Los Angeles Unified School District,Pacoima,CA,Independent,2003
Palisades Charter Elementary,Los Angeles Unified School District,Pacific Palisades,CA,CMO,1998
Palisades Charter High,Los Angeles Unified School District,Pacific Palisades,CA,CMO,1995
Palm Desert Charter Middle,Desert Sands Unified School District,Palm Desert,CA,Independent,2008
Palmdale Aerospace Academy,Palmdale School District,Palmdale,CA,Independent,2012
Para Los Ninos - Evelyn Thurman Gratts Primary,Los Angeles Unified School District,Los Angeles,CA,CMO,2010
Para Los Ninos Charter,Los Angeles Unified School District,Los Angeles,CA,CMO,2002
Para Los Ninos Charter Middle,Los Angeles Unified School District,Los Angeles,CA,CMO,2008
Paradise Charter,Paradise Elementary School District,Eureka,CA,Independent,2006
Paradise Charter Middle,Paradise Unified School District,Paradise,CA,Independent,1995
Paradise eLearning Academy,Paradise Unified School District,Paradise,CA,Independent,2010
Paragon Collegiate Academy,Marysville Joint Unified School District,Marysville,CA,Independent,2011
Paramount Bard Academy,Kern County Office Of Education,Delano,CA,Independent,2009
Partnerships for Student-Centered Learning,Western Placer Unified School District,,CA,CMO,2010
Pasadena Rosebud Academy,Pasadena Unified School District,Altadena,CA,Independent,2007
Pasadena Rosebud Academy Middle,Pasadena Unified,Altadena,CA,Independent,2013
Pathways Community,Los Angeles Unified,Los Angeles,CA,Independent,2014
Pathways to College,Hesperia Unified School District,Hesperia,CA,Independent,2006
Paul Revere Middle,Los Angeles Unified School District,Los Angeles,CA,CMO,1994
Peabody Charter,Santa Barbara Unified,Santa Barbara,CA,Independent,1993
Peak to Peak Mountain Charter,Maricopa Unified,Pine Mountain Club,CA,Independent,2013
Penngrove Elementary,Petaluma City Elementary,Penngrove,CA,Independent,2013
Phoenix Academy,Marin County Office Of Education,San Rafael,CA,Independent,1995
Piner-Olivet Charter,Piner-Olivet Union School District,Santa Rosa,CA,Independent,1996
Pioneer Elementary,Pioneer Union Elementary School District,Hanford,CA,Independent,1994
Pioneer Middle,Pioneer Union Elementary School District,Hanford,CA,Independent,1994
Pioneer Technical Center,Madera County Office Of Education,Madera,CA,Independent,2002
Pittman Charter,Stockton Unified School District,Stockton,CA,Independent,2010
Pivot Charter School - North Valley,Golden Feather Union Elementary,,CA,EMO,2011
Pivot Charter School - San Diego,Mountain Empire Unified,,CA,EMO,2010
Placer County Pathways Charter,Placer County Office Of Education,Auburn,CA,Independent,2012
Plainview Academic Charter Academy,Los Angeles Unified School District,Tujunga,CA,Independent,2012
Pomelo Community Charter,Los Angeles Unified School District,West Hills,CA,Independent,2011
Port of Los Angeles High School (Polah),Los Angeles Unified School District,San Pedro,CA,Independent,2005
Preuss School Ucsd,San Diego Unified School District,,CA,Independent,1999
Price Charter Middle,Cambrian School District,San Jose,CA,Independent,2003
Primary Charter,Tracy Unified School District,Tracy,CA,CMO,2004
Public Safety Academy,San Bernardino City Unified School District,San Bernardino,CA,Independent,2005
Puente Charter,Los Angeles Unified School District,Los Angeles,CA,Independent,2002
Quail Lake Environmental Charter,Sanger Unified School District,Clovis,CA,Independent,2000
REALM High,Berkeley Unified,Berkeley,CA,CMO,2011
REALM Middle,Berkeley Unified,Berkeley,CA,CMO,2011
ROWLAND HEIGHTS CHARTER ACADEMY,,ROWLAND HEIGHTS,CA,Independent,2013
Rafer Johnson Junior High,Kingsburg Elementary Charter School District,Kingsburg,CA,Independent,1996
Reach Leadership Academy,Riverside Unified School District,Riverside,CA,Independent,2012
Redding School of the Arts II,Gateway Unified School District,Redding,CA,Independent,2007
Redwood Academy of Ukiah,Ukiah Unified School District,Ukiah,CA,CMO,2000
Redwood Coast Montessori,Arcata Elementary,Eureka,CA,Independent,2013
Redwood Preparatory Charter,Rohnerville Elementary,Fortuna,CA,Independent,2011
Reedley Middle College High,Kings Canyon Joint Unified,Reedley,CA,Independent,2013
Renaissance Arts Academy,Los Angeles Unified School District,Los Angeles,CA,Independent,2003
Renew Virtual Academy K12 #1,New Jerusalem Elementary,Stockton,CA,Independent,2014
Richmond Charter Academy,West Contra Costa Unified School District,Richmond,CA,CMO,2012
Richmond Charter Elementary-Benito Juarez,West Contra Costa Unified,Richmond,CA,CMO,2014
Richmond College Prep K-5 Charter,West Contra Costa Unified School District,Richmond,CA,Independent,2006
Ridgecrest Charter,Sierra Sands Unified School District,Ridgecrest,CA,Independent,2001
Rincon Valley Charter,Rincon Valley Union School District,Santa Rosa,CA,Independent,2004
Rio Valley Charter,Lodi Unified School District,,CA,CMO,2010
Rise Kohyang Middle,Los Angeles Unified School District,Los Angeles,CA,CMO,2012
Rising Sun Montessori,Buckeye Union Elementary,El Dorado Hills,CA,Independent,2014
Rite of Passage,El Dorado County Office Of Education,Yerington,CA,Independent,1994
River Charter,Napa Valley Unified School District,Napa,CA,Independent,1995
River Islands Technology Academy,Banta Elementary,Lathrop,CA,Independent,2013
River Montessori Elementary Charter,Petaluma Joint Union High School District,Petaluma,CA,Independent,2009
River Oak Charter,Ukiah Unified School District,Ukiah,CA,Independent,1999
River Oaks Academy,Ventura County Office Of Education,,CA,Independent,2010
Riverbank Language Academy,Riverbank Unified School District,Riverbank,CA,Independent,2007
Riverside County Education Academy,Riverside County Office Of Education,Moreno Valley,CA,Independent,2011
Riverside Drive Charter,Los Angeles Unified School District,Sherman Oaks,CA,Independent,2011
Riverside Preparatory,Oro Grande Elementary School District,Oro Grande,CA,Independent,2007
Robert A. Millikan Middle,Los Angeles Unified School District,Sherman Oaks,CA,Independent,2012
Roberts Ferry Charter School Academy,Roberts Ferry Union Elementary,Waterford,CA,Independent,2010
Rocketship Academy for Brilliant Minds,Santa Clara County Office Of Education,San Jose,CA,CMO,2012
Rocketship Alma Academy,Santa Clara County Office Of Education,San Jose,CA,CMO,2012
Rocketship Discovery Prep,Santa Clara County Office Of Education,San Jose,CA,CMO,2011
Rocketship Four Elementary,Franklin-Mckinley School District,San Jose,CA,CMO,2011
Rocketship Fuerza Community Prep,Santa Clara County Office of Education,San Jose,CA,CMO,2014
Rocketship Los Suenos Academy,Santa Clara County Office Of Education,San Jose,CA,CMO,2010
Rocketship Mateo Sheedy Elementary,Santa Clara County Office Of Education,San Jose,CA,CMO,2007
Rocketship Si Se Puede Academy,Santa Clara County Office Of Education,San Jose,CA,CMO,2009
Rocketship Spark,Franklin-McKinley Elementary,San Jose,CA,CMO,2013
Rocklin Academy,Rocklin Unified School District,Rocklin,CA,CMO,2001
Rocklin Academy Gateway,Newcastle Elementary,Rocklin,CA,CMO,2014
Rocklin Academy at Meyers Street,Rocklin Unified School District,Rocklin,CA,CMO,2007
Rocklin Independent Charter Academy,Rocklin Unified,Rocklin,CA,Independent,2013
Rocky Point Charter,Gateway Unified School District,Redding,CA,Independent,2007
Rolling Hills Middle,Campbell Union School District,Los Gatos,CA,Independent,2006
Ronald W. Reagan Elementary,Kingsburg Elementary Charter School District,Kingsburg,CA,Independent,2007
Roosevelt Elementary,Kingsburg Elementary Charter School District,Kingsburg,CA,Independent,1996
Roseland Charter,Roseland Elementary School District,Santa Rosa,CA,Independent,2003
Rosemary Elementary,Campbell Union School District,Campbell,CA,Independent,2008
SCALE Leadership Academy,Acton-Agua Dulce Unified,"Pasadena, CA",CA,Independent,2014
SIA Tech,,Los Angeles,CA,CMO,2014
STANISLAUS ALTERNATIVE CHARTER,,MODESTO,CA,Independent,2013
STREAM Charter,Oroville City Elementary,Oroville,CA,Independent,2014
Sacramento Charter High,Sacramento City Unified School District,Sacramento,CA,CMO,2003
Sacramento Valley Charter,Washington Unified School District,West Sacramento,CA,Independent,2011
Salmon Creek Middle,Harmony Union School District,Occidental,CA,Independent,2006
San Carlos Charter Learning Center,San Carlos School District,San Carlos,CA,Independent,1994
San Diego Cooperative Charter,San Diego Unified School District,San Diego,CA,CMO,2002
San Diego Cooperative Charter School 2,San Diego Unified,San Diego,CA,CMO,2013
San Diego Global Vision Academy,San Diego Unified School District,San Diego,CA,CMO,2010
San Diego Global Vision Academy Middle,San Diego Unified School District,San Diego,CA,CMO,2012
San Diego Neighborhood Homeschools,Mountain Empire Unified,Oceanside,CA,Independent,2009
San Francisco Flex Academy,San Francisco Unified School District,San Francisco,CA,EMO,2010
San Jacinto Valley Academy,San Jacinto Unified School District,San Jacinto,CA,Independent,1997
San Joaquin Building Futures Academy,San Joaquin County Office Of Education,Stockton,CA,Independent,2010
San Jose Charter Academy,West Covina Unified School District,West Covina,CA,Independent,1998
San Jose Conservation Corps Charter,East Side Union High School District,San Jose,CA,Independent,2002
San Miguel Elementary,Mark West Union School District,Santa Rosa,CA,Independent,2012
Sanger Academy Charter,Sanger Unified School District,Sanger,CA,Independent,2000
Santa Barbara Charter,Santa Barbara Unified,Goleta,CA,Independent,1993
Santa Clarita Valley International,William S. Hart Union High School District,Valencia,CA,CMO,2008
Santa Monica Boulevard Community Charter,Los Angeles Unified School District,Los Angeles,CA,CMO,2001
Santa Rosa Academy,Menifee Union School District,Menifee,CA,Independent,2005
Santa Rosa Accelerated Charter,Santa Rosa High School District,Santa Rosa,CA,Independent,2004
Santa Rosa Charter,Santa Rosa Elementary School District,Santa Rosa,CA,Independent,1995
Santa Rosa Charter Academy,Los Angeles Unified School District,Los Angeles,CA,CMO,2009
Santa Rosa Charter School for the Arts,Santa Rosa Elementary School District,Santa Rosa,CA,Independent,2007
Santa Rosa French-American Charter (SRFACS),Santa Rosa Elementary School District,Santa Rosa,CA,Independent,2012
Santa Ynez Valley Charter,College School District,Santa Ynez,CA,Independent,2001
Santiago Middle,Orange Unified School District,Orange,CA,Independent,1995
Sartorette Charter,Cambrian School District,San Jose,CA,Independent,2003
Schaefer Charter,Piner-Olivet Union School District,Santa Rosa,CA,Independent,2012
School of Arts and Enterprise,Pomona Unified School District,Pomona,CA,Independent,2005
School of Extended Educational Options,Pomona Unified School District,Pomona,CA,Independent,2007
School of Unlimited Learning,Fresno Unified School District,Fresno,CA,Independent,1998
Science & Technology Academy At Knights Landing,Woodland Joint Unified,Knights Landing,CA,Independent,2010
Sebastopol Independent Charter,Sebastopol Union School District,Sebastopol,CA,Independent,1995
Serrania Avenue Charter for Enriched Studies,Los Angeles Unified School District,Woodland Hills,CA,Independent,2012
Shenandoah Valley,Amador County Office of Education,Plymouth,CA,Independent,2014
Sherman Oaks Community Charter,Campbell Union School District,San Jose,CA,Independent,2000
Sherman Oaks Elementary Charter,Los Angeles Unified School District,Sherman Oaks,CA,Independent,2011
Sherman Thomas Charter,Madera Unified School District,Madera,CA,CMO,2003
Sherwood Montessori,Chico Unified School District,Chico,CA,Independent,2010
Shiloh Charter,Shiloh Elementary,Modesto,CA,Independent,2010
Siatech,Vista Unified School District,,CA,CMO,2004
Sierra Academy of Expeditionary Learning,Nevada Joint Union High,Grass Valley,CA,Independent,2014
Sierra Expeditionary Learning,Tahoe-Truckee Joint Unified,Truckee,CA,Independent,2010
Sierra Foothill Charter,Mariposa County Unified,Catheys Valley,CA,Independent,2012
Sierra Montessori,Twin Ridges Elementary School District,Grass Valley,CA,Independent,2005
Sierra Vista Charter High,Tulare Joint Union High,Tulare,CA,Independent,2014
Silicon Valley Flex Academy,Santa Clara County Office Of Education,Morgan Hill,CA,EMO,2011
Silver Oak High Public Montessori Charter,Hayward Unified,Hayward,CA,CMO,2013
Six Rivers Charter High,Northern Humboldt Union High School District,Arcata,CA,Independent,2004
Sixth Grade Charter Academy At Petaluma Jr. High,Petaluma City Elementary School District,Petaluma,CA,Independent,2011
Sixth Street Prep,Victor Elementary School District,Victorville,CA,Independent,1999
Sky Mountain Charter,Lucerne Valley Unified School District,,CA,CMO,2007
Slvusd Charter,San Lorenzo Valley Unified School District,Ben Lomond,CA,Independent,1993
Smythe Academy of Arts and Sciences,Twin Rivers Unified School District,Sacramento,CA,Independent,2006
Soar Charter Academy,San Bernardino City Unified School District,San Bernardino,CA,Independent,2008
Sol Aureus College Preparatory,Sacramento City Unified School District,Sacramento,CA,Independent,2003
Soledad Enrichment Action Charter,Los Angeles County Office Of Education,Los Angeles,CA,Independent,1997
Sonoma Charter,Sonoma Valley Unified School District,Sonoma,CA,Independent,1994
Sonoma Mountain Elementary,Old Adobe Union Elementary,Petaluma,CA,Independent,2012
South Bay Charter,South Bay Union School District,Eureka,CA,Independent,2011
South Sutter Charter,Marcum-Illinois Union Elementary School District,East Nicolaus,CA,CMO,2005
Spring Creek Matanzas Charter,Rincon Valley Union School District,Santa Rosa,CA,Independent,2009
Squaw Valley Preparatory,Newcastle Elementary,Tahoe City,CA,CMO,2013
St. Hope Public School 7 (Ps7),Sacramento City Unified School District,Sacramento,CA,CMO,2003
Steele Canyon High,Grossmont Union High School District,Spring Valley,CA,Independent,2006
Stella Middle Charter Academy,Los Angeles Unified School District,Los Angeles,CA,CMO,2003
Stephen W. Hawking Charter,Sweetwater Union High School District,Chula Vista,CA,Independent,2012
Stockton Alternative High School,Stockton Unified School District,Stockton,CA,Independent,2009
Stockton Collegiate International Elementary,Stockton Unified School District,Stockton,CA,CMO,2010
Stockton Collegiate International Secondary,Stockton Unified School District,Stockton,CA,CMO,2010
Stockton Unified Early College Academy,Stockton Unified School District,Stockton,CA,Independent,2009
Stone Bridge,Napa Valley Unified School District,Napa,CA,Independent,2005
Stony Point Academy,Bellevue Union Elementary,Santa Rosa,CA,Independent,2013
Student Empowerment Academy,Los Angeles Unified,Los Angeles,CA,Independent,2013
Success One!,,Willows,CA,Independent,2014
Summit Charter Academy,Burton School District,Porterville,CA,Independent,2005
Summit Leadership Academy-High Desert,Hesperia Unified School District,Hesperia,CA,Independent,2004
Summit Preparatory Charter High,Sequoia Union High School District,Redwood City,CA,CMO,2006
Summit Public School K2,Contra Costa County Office of Education,El Cerrito,CA,CMO,2014
Summit Public School: Denali,Santa Clara County Office of Education,Sunnyvale,CA,CMO,2013
Summit Public School: Rainier,East Side Union High School District,San Jose,CA,CMO,2011
Summit Public School: Shasta,Jefferson Union High,Redwood City,CA,CMO,2013
Summit Public School: Tahoma,Santa Clara County Office Of Education,San Jose,CA,CMO,2011
Sunridge Charter,Twin Hills Union School District,Sebastopol,CA,Independent,2002
Sunrise Middle,San Jose Unified School District,,CA,Independent,2011
Superior Street Elementary,Los Angeles Unified School District,Chatsworth,CA,Independent,2012
Sycamore Academy of Science and Cultural Arts,Lake Elsinore Unified,,CA,Independent,2009
Sycamore Valley Academy,Visalia Unified School District,Visalia,CA,Independent,2012
Synergy Charter,Pittsburg Unified School District,Pittsburg,CA,Independent,2012
Synergy Charter Academy,Los Angeles Unified School District,Los Angeles,CA,CMO,2004
Synergy Kinetic Academy,Los Angeles Unified School District,Los Angeles,CA,CMO,2008
Synergy Quantum Academy,Los Angeles Unified School District,Los Angeles,CA,CMO,2011
TEACH Academy of Technologies,Los Angeles Unified School District,Los Angeles,CA,Independent,2010
TEACH Tech Charter High,Los Angeles Unified,Los Angeles,CA,Independent,2014
TEAM Charter,Stockton Unified School District,Stockton,CA,Independent,2011
Taft T. Newman Leadership Academy,San Bernardino City Unified School District,San Bernardino,CA,Independent,2012
Taylion San Diego Academy,Vallecitos Elementary,Victorville,CA,EMO,2013
Temecula Preparatory,Temecula Valley Unified School District,Winchester,CA,Independent,2000
Temecula Valley Charter,Temecula Valley Unified School District,Winchester,CA,Independent,1994
The Academy,Orange County Department of Education,Santa Ana,CA,Independent,2013
The Education Corps,Inyo County Office of Education,Los Angeles,CA,CMO,2013
The Grove School,Redlands Unified School District,Redlands,CA,Independent,1999
The Heights Charter,Dehesa School District,,CA,Independent,2012
The Language Academy of Sacramento,Sacramento City Unified School District,Sacramento,CA,Independent,2004
The REACH School,Sebastopol Union School District,Sebastopol,CA,Independent,2009
Three Rivers Charter,Fort Bragg Unified,Fort Bragg,CA,Independent,2011
Thrive Public,SBE - Thrive Public,San Diego,CA,Independent,2014
Tierra Linda Middle,San Carlos School District,San Carlos,CA,Independent,2000
Tierra Pacifica Charter,Live Oak School District,Santa Cruz,CA,Independent,2003
Today's Fresh Start Charter,Los Angeles Unified School District,Los Angeles,CA,CMO,2003
Today's Fresh Start Charter School Inglewood,Inglewood Unified School District,Inglewood,CA,CMO,2009
Topanga Elementary,Los Angeles Unified School District,Topanga,CA,CMO,1995
Topeka Charter School for Advanced Studies,Los Angeles Unified School District,Northridge,CA,Independent,2012
Tree of Life Charter,Ukiah Unified School District,Ukiah,CA,Independent,2000
Trillium Charter,Pacific Union School District,Arcata,CA,Independent,2007
Triumph Academy,Los Angeles Unified School District,San Fernando,CA,CMO,2007
Triumph Charter High,Los Angeles Unified School District,San Fernando,CA,CMO,2010
Twin Hills Charter Middle,Twin Hills Union School District,Sebastopol,CA,Independent,2006
Twin Ridges Home Study Charter,Nevada County Office Of Education,Nevada City,CA,Independent,2012
Twin Rivers Charter,Yuba City Unified School District,Yuba City,CA,Independent,2004
USC Hybrid High,Los Angeles Unified School District,,CA,Independent,2012
Union Hill Elementary,Union Hill Elementary,Grass Valley,CA,Independent,2013
Union Street Charter,Arcata School District,Arcata,CA,Independent,2006
University Charter Middle School at Csu,Pleasant Valley School District,Camarillo,CA,CMO,2006
University High,Fresno Unified School District,Fresno,CA,Independent,2000
University Preparation School at Csu Channel Island,Pleasant Valley School District,Camarillo,CA,CMO,2002
University Preparatory,Shasta Union High School District,Redding,CA,Independent,2004
University Preparatory Academy,Santa Clara County Office Of Education,San Jose,CA,Independent,2007
University Preparatory High,Tulare County Office Of Education,Visialia,CA,Independent,2009
Urban Corps of San Diego County Charter,Mono County Office Of Education,San Diego,CA,Independent,2011
Urban Discovery Academy Charter,San Diego Unified School District,San Diego,CA,Independent,2008
Urban Montessori Charter,Alameda County Office Of Education,Oakland,CA,Independent,2012
Vallejo Charter,Vallejo City Unified School District,Vallejo,CA,Independent,2007
Valley Arts and Science Academy (Vasa),Fresno Unified School District,Fresno,CA,Independent,2007
Valley Charter Elementary,Los Angeles Unified School District,North Hills,CA,Independent,2010
Valley Charter High,Stanislaus County Office Of Education,Modesto,CA,Independent,1999
Valley Charter Middle,Los Angeles Unified School District,North Hills,CA,Independent,2011
Valley Life Charter,Tulare County Office Of Education,Visalia,CA,Independent,2011
Valley Prep 6-8,Acton-Agua Dulce Unified,Pacoima,CA,CMO,2014
Valley Prep 9-12,Acton-Agua Dulce Unified,Van Nuys,CA,CMO,2014
Valley Prep K-5,Acton-Agua Dulce Unified,Pacoima,CA,CMO,2014
Valley Preparatory Academy Charter,Fresno Unified School District,Fresno,CA,Independent,2004
Valley View Charter Prep,New Jerusalem Elementary,Stockton,CA,CMO,2014
Valor Academy Charter,Los Angeles Unified School District,Pacoima,CA,CMO,2009
Valor Academy Charter High,Los Angeles Unified,Panorama City,CA,CMO,2013
Van Gogh Charter,Los Angeles Unified School District,Granada Hills,CA,Independent,2012
Vantage Point Charter,Ready Springs Union School District,Penn Valley,CA,Independent,1993
Vaughn Next Century Learning Center,Los Angeles Unified School District,San Fernando,CA,Independent,1993
Ventura Charter School of Arts & Global Education,Ventura County Office Of Education,Ventura,CA,Independent,2006
View Park Preparatory Accelerated Charter,Los Angeles Unified School District,Los Angeles,CA,CMO,1999
View Park Preparatory Accelerated Charter Middle,Los Angeles Unified School District,Los Angeles,CA,CMO,2002
View Park Preparatory Accelerated High,Los Angeles Unified School District,Los Angeles,CA,CMO,2003
Village Charter,Windsor Unified School District,Santa Rosa,CA,Independent,2007
Village Charter Academy,Los Angeles Unified,Canoga Park,CA,Independent,2014
Village Elementary Charter,Rincon Valley Union School District,Santa Rosa,CA,Independent,2010
Village School,Campbell Union School District,Campbell,CA,Independent,2005
Vincent Academy,Oakland Unified School District,Oakland,CA,Independent,2011
Visalia Technical Education Center (VTech),Visalia Unified School District,Visalia,CA,Independent,2010
Visions In Education,San Juan Unified School District,,CA,Independent,1999
Vista Charter Middle,Los Angeles Unified School District,Los Angeles,CA,Independent,2010
Vista Oaks Charter,Byron Union Elementary,Byron,CA,Independent,2014
Vista Real Charter High,Ventura County Office Of Education,,CA,EMO,2005
Vivian Banks Charter,Bonsall Union School District,Pala,CA,Independent,1996
Voices College-Bound Language Academy,Franklin-Mckinley School District,San Jose,CA,Independent,2007
W.E.B. Dubois Public Charter,Washington Unified,Fresno,CA,CMO,2000
Walden Academy,Glenn County Office Of Education,Willows,CA,Independent,2011
Walter L. Bachrodt Elementary,San Jose Unified School District,San Jose,CA,Independent,2008
Washington Elementary,Kingsburg Elementary Charter School District,Kingsburg,CA,Independent,1996
Watsonville Charter School of the Arts,Pajaro Valley Unified School District,,CA,Independent,2001
Watts Learning Center,Los Angeles Unified School District,Los Angeles,CA,CMO,1997
Watts Learning Center Charter Middle,Los Angeles Unified School District,Los Angeles,CA,CMO,2009
Weimar Hills Charter,Placer Hills Union Elementary,Weimar,CA,Independent,2010
Welby Way / Gifted-High Ability Magnet Elementary,Los Angeles Unified School District,West Hills,CA,Independent,2011
West Sacramento Early College Prep,Washington Unified School District,West Sacramento,CA,Independent,2007
Westchester Secondary Charter,Los Angeles County Office of Education,Los Angeles,CA,Independent,2013
Western Center Academy,Hemet Unified School District,Hemet,CA,Independent,2010
Western Sierra Collegiate Academy,Rocklin Unified School District,Rocklin,CA,CMO,2009
Westlake Charter,Natomas Unified School District,Sacramento,CA,CMO,2005
Westlake Charter Middle,Natomas Unified School District,Sacramento,CA,CMO,2011
Westside Charter,Twin Rivers Unified School District,Rio Linda,CA,Independent,1995
Westside Innovative School House (WISH),Los Angeles Unified School District,Los Angeles,CA,CMO,2010
Westside Innovative School House Charter Middle,Los Angeles Unified,Los Angeles,CA,CMO,2014
Westwood Charter,Los Angeles Unified School District,Los Angeles,CA,Independent,1993
Wheatland Charter Academy,Wheatland School District,Beale AFB,CA,Independent,2004
White Oaks Elementary,San Carlos School District,San Carlos,CA,Independent,2000
Whited Elementary Charter,Rincon Valley Union School District,Santa Rosa,CA,Independent,2010
Whitmore Charter School of Art & Technology,Ceres Unified School District,Ceres,CA,Independent,2004
Wilbur Charter for Enriched Academics,Los Angeles Unified School District,Tarzana,CA,Independent,2012
Wilder's Preparatory Academy Charter,Inglewood Unified School District,Inglewood,CA,Independent,2003
Wilder's Preparatory Academy Charter Middle,Inglewood Unified School District,Inglewood,CA,Independent,2008
Wildflower Open Classroom,Chico Unified School District,Chico,CA,Independent,2011
William Howard Taft Charter High,Los Angeles Unified,Woodland Hills,CA,Independent,2013
William Lee College Prep,,Sacramento,CA,Independent,2014
Willits Charter,Willits Unified School District,Willits,CA,CMO,1999
Willits Elementary Charter,Willits Unified School District,Willits,CA,CMO,2012
Willow Creek Academy,Sausalito Marin City School District,Sausalito,CA,Independent,2001
Wisdom Academy for Young Scientists,Los Angeles County Office Of Education,Los Angeles,CA,Independent,2006
Woodlake Elementary Community Charter,Los Angeles Unified School District,Woodland Hills,CA,Independent,2012
Woodland Hills Elementary Charter for Enriched Studies,Los Angeles Unified School District,Woodland Hills,CA,Independent,2012
Woodland Star Charter,Sonoma Valley Unified School District,Sonoma,CA,Independent,2004
Woodward Leadership Academy,San Bernardino City Unified School District,San Bernardino,CA,Independent,2012
Wright Charter,Wright Elementary,Santa Rosa,CA,Independent,2009
Yav Pem Suab Academy - Preparing for the Future,Sacramento City Unified School District,Sacramento,CA,Independent,2010
Yosemite-Wawona Elementary Charter,Bass Lake Joint Union Elementary,Wawona,CA,Independent,2014
YouthBuild Charter School of California Central,Inyo County Office Of Education,,CA,CMO,2010
Youthbuild Charter School of California,Inyo County Office Of Education,,CA,CMO,2008
Yu Ming Charter,Alameda County Office Of Education,Oakland,CA,Independent,2011
Yuba City Charter,Yuba City Unified School District,Yuba City,CA,Independent,2000
Yuba County Career Preparatory Charter,Yuba County Office Of Education,Marysville,CA,Independent,1995
Yuba Environmental Science Charter Academy,Marysville Joint Unified School District,Dobbins,CA,Independent,2008
Yuba River Charter,Nevada County Office Of Education,Nevada City,CA,Independent,1994
anderson New Technology High,Anderson Union High,Anderson,CA,CMO,2002
eCademy Charter at Crane,Turlock Unified,Turlock,CA,Independent,2011
fortune,Sacramento County Office of Education,,CA,CMO,2011
iQ Academy California - Los Angeles,Rowland Unified,Rowland Heights,CA,EMO,2010
new Horizons Charter Academy,Los Angeles Unified,North Hollywood,CA,Independent,2013
one.Charter,San Joaquin County Office Of Education,Stockton,CA,Independent,2010
nimo Jackie Robinson,Los Angeles Unified School District,Los Angeles,CA,CMO,2006
nimo Ralph Bunche,Los Angeles Unified School District,Los Angeles,CA,CMO,2006